Emp ID,First Name,Last Name,Gender,E Mail,Date of Birth,Age in Yrs.,Date of Joining,Age in Company (Years),Salary,Last % Hike
850297,Shawna,Buck,F,shawna.buck@gmail.com,12-12-1971,45.66,12/18/2010,6.61,119090,17%
304721,Nathaniel,Burke,M,nathaniel.burke@walmart.com,10/31/1993,23.76,4/25/2017,0.26,117991,14%
412317,Elisabeth,Foster,F,elisabeth.foster@gmail.com,11/26/1994,22.68,3/27/2017,0.34,161045,28%
621375,Briana,Lancaster,F,briana.lancaster@yahoo.com,11/24/1975,41.7,2/25/2003,14.43,142616,16%
787549,Estella,Potter,F,estella.potter@gmail.com,3/13/1995,22.39,10-11-2016,0.79,135706,11%
520092,Lamont,Woods,M,lamont.woods@hotmail.com,10/13/1991,25.81,11/27/2014,2.67,173027,17%
795934,Melinda,Lopez,F,melinda.lopez@hotmail.com,9/15/1984,32.89,11/22/2005,11.69,41287,4%
159108,Shanna,Silva,F,shanna.silva@gmail.com,6/19/1958,59.15,10/23/1999,17.78,85833,13%
330816,Jasmine,Freeman,F,jasmine.freeman@gmail.com,8/31/1961,55.95,02-01-1983,34.51,154216,1%
532002,Madge,Sargent,F,madge.sargent@aol.com,10-02-1981,35.84,4/13/2006,11.3,133003,20%
612850,Bethany,Cline,F,bethany.cline@yahoo.ca,10-01-1986,30.84,4/19/2008,9.28,154836,21%
483751,Reid,Randolph,M,reid.randolph@gmail.com,1/20/1989,28.54,04-08-2017,0.3,124757,17%
252938,Antoine,Wiley,M,antoine.wiley@verizon.net,2/22/1996,21.44,4/18/2017,0.28,58733,24%
966375,Mathew,Hodge,M,mathew.hodge@hotmail.com,07-05-1995,22.08,11-11-2016,0.71,75584,14%
707520,Bernardo,Austin,M,bernardo.austin@hotmail.com,02-02-1975,42.51,1/26/2005,12.51,118693,15%
673049,Cole,Jensen,M,cole.jensen@aol.com,02-10-1990,27.48,5/30/2011,6.17,98381,22%
265124,Tonia,Burns,F,tonia.burns@gmail.com,4/19/1985,32.3,09-12-2014,2.88,102274,19%
300693,Tod,Holcomb,M,tod.holcomb@outlook.com,6/21/1987,30.12,06-05-2015,2.15,91719,3%
369712,Yesenia,Guerrero,F,yesenia.guerrero@btinternet.com,3/29/1968,49.36,03-03-1994,23.42,150016,4%
913253,Carey,Ferrell,M,carey.ferrell@yahoo.com,5/22/1972,45.21,10/30/2004,12.75,125232,5%
308617,Aileen,Blanchard,F,aileen.blanchard@gmail.com,12-05-1986,30.67,7/18/2009,8.03,179264,13%
766783,Marta,Cervantes,F,marta.cervantes@gmail.com,2/17/1971,46.47,9/17/2016,0.86,68134,14%
959506,Arthur,Holloway,M,arthur.holloway@aol.com,9/21/1970,46.88,1/27/2004,13.51,118621,6%
513011,Tara,Forbes,F,tara.forbes@gmail.com,6/26/1976,41.12,9/24/2009,7.85,85864,26%
290808,Josef,Griffin,M,josef.griffin@yahoo.com,8/14/1976,40.98,2/25/1998,19.43,98030,30%
253588,Keri,Slater,F,keri.slater@apple.com,08-03-1960,57.02,08-09-1994,22.98,149842,10%
865628,Desmond,Wynn,M,desmond.wynn@hotmail.com,07-09-1992,25.07,10-01-2013,3.82,79476,9%
583924,Adrienne,Puckett,F,adrienne.puckett@verizon.net,5/22/1975,42.21,2/22/1997,20.44,105366,25%
932453,Beatriz,Knowles,F,beatriz.knowles@gmail.com,2/25/1984,33.44,9/16/2011,5.87,53311,18%
432168,Jermaine,Sykes,M,jermaine.sykes@apple.com,1/18/1990,27.54,5/24/2016,1.18,122631,5%
463784,Scott,Best,M,scott.best@cox.net,8/24/1990,26.95,12/22/2015,1.6,45210,30%
721098,Isabel,Espinoza,F,isabel.espinoza@gmail.com,12-09-1971,45.67,10/14/1993,23.8,115858,5%
392678,Marcelino,Kinney,M,marcelino.kinney@gmail.com,1/26/1996,21.52,2/28/2017,0.41,178750,19%
880704,Benjamin,Jennings,M,benjamin.jennings@gmail.com,5/21/1977,40.21,06-10-2001,16.14,115574,3%
186102,Marcia,Casey,F,marcia.casey@gmail.com,7/24/1966,51.05,11-08-2013,3.72,118607,6%
350367,Rudolph,Gordon,M,rudolph.gordon@aol.com,4/28/1979,38.28,11-12-2001,15.72,98990,26%
893976,Beverly,Rosales,F,beverly.rosales@yahoo.com,03-04-1975,42.43,4/24/2005,12.27,139394,21%
542826,Marcus,Bolton,M,marcus.bolton@aol.com,07-05-1977,40.09,01-09-2011,6.55,63525,24%
590579,Priscilla,Mays,F,priscilla.mays@gmail.com,09-04-1985,31.92,2/26/2017,0.42,185105,25%
297741,Lynn,Pena,F,lynn.pena@yahoo.co.in,8/14/1962,54.99,11-08-1996,20.73,48443,4%
458320,Tessa,Pace,F,tessa.pace@aol.com,12-07-1957,59.68,12/29/2012,4.58,44198,17%
297059,Rufus,Guerra,M,rufus.guerra@rediffmail.com,12/25/1967,49.62,05-01-2004,13.25,169620,2%
874971,Roman,Clark,M,roman.clark@aol.com,12/25/1962,54.63,01-08-1985,32.57,125299,13%
136626,Carmela,Jefferson,F,carmela.jefferson@walmart.com,3/17/1975,42.39,2/27/2003,14.42,132431,1%
865495,Thurman,Good,M,thurman.good@yahoo.com,1/27/1996,21.52,02-06-2017,0.47,118525,26%
415161,Lemuel,Guerrero,M,lemuel.guerrero@aol.com,06-07-1985,32.16,10/15/2011,5.79,127772,16%
279563,Clint,Bridges,M,clint.bridges@aol.com,05-03-1994,23.25,10/14/2015,1.79,67442,15%
201710,Karyn,Christian,F,karyn.christian@aol.com,5/22/1983,34.21,6/18/2017,0.11,96197,1%
722543,Lesa,Hughes,F,lesa.hughes@bp.com,2/13/1981,36.48,01-03-2016,1.57,96641,18%
909337,Rich,Bates,M,rich.bates@apple.com,2/28/1989,28.43,1/22/2011,6.52,145181,8%
601071,Liz,Frank,F,liz.frank@hotmail.com,3/15/1986,31.39,2/14/2009,8.45,199943,18%
269523,Kendra,Villarreal,F,kendra.villarreal@gmail.com,10/22/1963,53.8,3/30/2007,10.34,144517,5%
310986,Maryellen,Mcfadden,F,maryellen.mcfadden@hotmail.co.uk,10-03-1975,41.85,4/14/2017,0.29,94221,9%
323914,German,Carney,M,german.carney@aol.com,7/21/1958,59.06,5/14/2000,17.22,84824,6%
928739,Micheal,Shannon,M,micheal.shannon@earthlink.net,12-08-1986,30.66,2/27/2015,2.42,143864,1%
238992,Carlo,Albert,M,carlo.albert@gmail.com,12-06-1961,55.68,12/26/1996,20.6,104197,8%
434046,Bianca,Langley,F,bianca.langley@gmail.com,06-03-1960,57.19,4/14/1994,23.3,80844,30%
971444,Elias,Cabrera,M,elias.cabrera@yahoo.com,7/13/1990,27.06,05-02-2016,1.24,87962,12%
602683,Alberta,Chapman,F,alberta.chapman@comcast.net,06-05-1972,45.18,6/29/1999,18.09,125428,22%
145327,Erin,Olsen,M,erin.olsen@yahoo.ca,08-08-1994,22.99,4/19/2016,1.27,66575,14%
597202,Frederic,Stephenson,M,frederic.stephenson@gmail.com,10/15/1969,47.82,4/23/2013,4.27,192498,26%
168824,Tanner,Caldwell,M,tanner.caldwell@aol.com,04-08-1968,49.34,06-06-1999,18.16,116635,22%
616665,Clarence,Powers,M,clarence.powers@gmail.com,07-05-1982,35.09,04-11-2005,12.3,108511,6%
396135,German,Sheppard,M,german.sheppard@gmail.com,7/29/1991,26.02,10/24/2014,2.76,110021,30%
966525,Dion,Duffy,M,dion.duffy@aol.com,04-06-1995,22.33,1/16/2017,0.53,124074,26%
362287,Cornelius,Townsend,M,cornelius.townsend@charter.net,06-02-1970,47.19,4/26/2009,8.26,176165,21%
798646,Patsy,Koch,F,patsy.koch@gmail.com,7/15/1984,33.06,03-09-2010,7.39,87146,30%
451972,Waldo,Shields,M,waldo.shields@aol.com,11/29/1970,46.69,2/22/2012,5.43,62435,2%
993675,Damien,Rose,M,damien.rose@gmail.com,7/15/1965,52.07,12/17/2005,11.62,161871,17%
807964,Curt,Bridges,M,curt.bridges@microsoft.com,10/22/1978,38.79,9/17/2011,5.87,97656,18%
769123,Brenton,Matthews,M,brenton.matthews@bellsouth.net,11-06-1970,46.76,12/27/1994,22.6,98023,2%
395792,Miguel,Finley,M,miguel.finley@gmail.com,07-06-1980,37.08,07-12-2004,13.05,103749,13%
929791,Esperanza,Paul,F,esperanza.paul@aol.com,12-10-1960,56.67,3/14/1990,27.39,176095,20%
141326,Patricia,Briggs,F,patricia.briggs@yahoo.com,11/13/1975,41.73,05-05-2000,17.24,160494,0%
232794,Forrest,Noel,M,forrest.noel@hotmail.com,3/25/1978,39.37,04-05-1999,18.33,112988,29%
946835,Marjorie,Wells,F,marjorie.wells@bp.com,9/14/1961,55.91,12-02-2005,11.66,128425,18%
894936,Vivian,Burnett,F,vivian.burnett@gmail.com,02-09-1960,57.5,09-06-2001,15.9,93355,2%
946630,Duncan,Chen,M,duncan.chen@yahoo.co.uk,2/17/1964,53.48,11-02-2000,16.75,154843,11%
381338,Miriam,Barrett,F,miriam.barrett@yahoo.ca,6/25/1990,27.11,03-08-2016,1.39,131543,14%
141178,Adam,Kirby,M,adam.kirby@yahoo.ca,08-11-1963,54,08-03-2015,1.99,107957,22%
169763,Benjamin,Macdonald,M,benjamin.macdonald@gmail.com,5/16/1976,41.23,4/20/1999,18.28,89172,27%
326358,Neil,Murray,M,neil.murray@apple.com,9/17/1985,31.88,3/24/2016,1.35,84151,22%
185077,Nichole,Oneil,F,nichole.oneil@shaw.ca,11/30/1957,59.7,3/24/2008,9.35,153345,9%
901185,Jonathon,Pearson,M,jonathon.pearson@yahoo.com,9/30/1967,49.86,8/17/2015,1.95,173372,19%
264960,Brent,Bryant,M,brent.bryant@aol.com,05-09-1960,57.26,12/30/1985,31.6,180468,5%
248449,Carlene,Cain,F,carlene.cain@rediffmail.com,11/25/1985,31.69,6/25/2007,10.1,107647,4%
906870,Arnulfo,Pittman,M,arnulfo.pittman@yahoo.ca,9/26/1972,44.87,05-11-2002,15.22,190709,15%
160503,Nickolas,Williams,M,nickolas.williams@gmail.com,6/23/1985,32.12,6/15/2009,8.12,97725,1%
212917,Raymundo,Kramer,M,raymundo.kramer@aol.com,4/29/1975,42.28,07-01-2002,15.08,178073,8%
337955,Jeremiah,Dotson,M,jeremiah.dotson@cox.net,7/16/1988,29.05,1/21/2015,2.52,42840,27%
171553,Tanner,Matthews,M,tanner.matthews@rediffmail.com,9/24/1976,40.87,12-07-2008,8.64,161106,6%
433510,Dorian,Foster,M,dorian.foster@gmail.com,7/24/1960,57.05,8/15/2009,7.96,98604,4%
970502,Nora,Hansen,F,nora.hansen@yahoo.co.uk,11/13/1982,34.73,06-01-2004,13.16,159223,8%
668717,Danial,Watts,M,danial.watts@hotmail.com,8/15/1959,57.99,06-09-2013,4.14,188022,5%
479832,Nelson,Mcintosh,M,nelson.mcintosh@bp.com,8/17/1975,41.98,7/15/2005,12.04,139662,30%
273645,Manuel,Fulton,M,manuel.fulton@gmail.com,7/16/1983,34.06,6/29/2017,0.08,80629,10%
266284,Dominic,Henson,M,dominic.henson@aol.com,04-08-1979,38.33,02-06-2003,14.48,180062,16%
332802,Lowell,Erickson,M,lowell.erickson@gmail.com,09-02-1982,34.93,10/23/2013,3.76,104764,30%
166615,Jayne,Coleman,F,jayne.coleman@yahoo.ca,8/18/1980,36.97,11/27/2010,6.67,171662,26%
953967,Cornell,Daniel,M,cornell.daniel@yahoo.com,5/27/1960,57.21,10/31/2004,12.75,197951,6%
114425,Doris,Glenn,F,doris.glenn@yahoo.co.uk,1/14/1976,41.56,09-02-2002,14.91,188137,28%
676618,Tabatha,Gonzales,F,tabatha.gonzales@sbcglobal.net,06-09-1966,51.17,08-07-2009,7.98,160421,7%
581563,Jerome,Foreman,M,jerome.foreman@verizon.net,12-11-1988,28.65,8/28/2015,1.92,125044,1%
925484,Elton,Ferguson,M,elton.ferguson@ibm.com,11/30/1982,34.68,05-09-2006,11.23,176750,24%
328562,Stacy,Jennings,M,stacy.jennings@gmail.com,06-06-1980,37.17,6/28/2006,11.09,134904,23%
759248,Rory,Fowler,M,rory.fowler@shaw.ca,03-06-1976,41.42,12/22/2004,12.61,70626,7%
158543,Greg,Kane,M,greg.kane@bp.com,4/13/1964,53.33,5/21/1992,25.2,62904,26%
275491,Julian,Russo,M,julian.russo@gmail.com,4/15/1958,59.33,1/27/1988,29.52,117739,5%
257927,Agnes,Herman,F,agnes.herman@gmail.com,12-12-1975,41.65,01-04-1998,19.58,128225,11%
144114,Nancy,Gillespie,F,nancy.gillespie@ibm.com,4/26/1980,37.28,02-03-2011,6.48,41796,6%
262843,Tyrone,Soto,M,tyrone.soto@yahoo.com,04-07-1973,44.34,10/26/2002,14.76,175995,18%
963676,Bradley,Chan,M,bradley.chan@hotmail.com,6/30/1979,38.1,12-02-2002,14.66,58663,6%
745672,Emile,Love,M,emile.love@gmail.com,10/19/1980,36.8,1/23/2011,6.52,144867,27%
135089,Zachary,Gregory,M,zachary.gregory@cox.net,11/14/1986,30.72,7/14/2010,7.04,193629,9%
593953,Tara,Gutierrez,F,tara.gutierrez@aol.com,1/29/1971,46.53,8/17/1995,21.96,115223,30%
169348,Aubrey,Pugh,M,aubrey.pugh@gmail.com,12/13/1993,23.64,03-01-2016,1.41,56797,14%
976096,Carroll,Sweeney,M,carroll.sweeney@walmart.com,6/13/1989,28.14,6/22/2016,1.1,103003,30%
790389,Claudette,Solomon,F,claudette.solomon@yahoo.com,12/20/1984,32.62,7/24/2014,3.01,181603,17%
143898,Ricky,Bowers,M,ricky.bowers@hotmail.com,11-05-1976,40.75,12/28/2008,8.59,124155,23%
749765,Brian,Fitzpatrick,M,brian.fitzpatrick@gmail.com,11/30/1978,38.68,11-09-2007,9.72,151448,19%
877422,Nicholas,Branch,M,nicholas.branch@gmail.com,02-04-1992,25.5,6/13/2013,4.13,134715,8%
825343,Eileen,Hobbs,F,eileen.hobbs@gmail.com,05-10-1964,53.25,08-01-1994,23.01,139476,17%
155570,Colin,Wilson,M,colin.wilson@yahoo.com,3/14/1976,41.4,4/15/2002,15.3,131510,13%
587361,Rosario,Trevino,F,rosario.trevino@hotmail.co.uk,12/20/1960,56.64,6/30/2001,16.09,46453,28%
191240,Salvador,Gutierrez,M,salvador.gutierrez@hotmail.com,2/27/1994,23.43,1/24/2016,1.51,98487,21%
404070,Aldo,Medina,M,aldo.medina@gmail.com,11-06-1973,43.75,10-04-2009,7.82,61791,24%
192175,Bret,Blevins,M,bret.blevins@gmail.com,9/30/1979,37.85,07-11-2015,2.05,163665,14%
825853,Dominic,Mosley,M,dominic.mosley@gmail.com,7/19/1996,21.04,7/27/2017,0,112683,26%
430843,Karina,Owens,F,karina.owens@gmail.com,10/30/1957,59.78,6/30/1984,33.1,91713,5%
597805,Marquis,Perkins,M,marquis.perkins@aol.com,11/30/1984,32.68,04-07-2012,5.31,186371,23%
651120,Damon,Solomon,M,damon.solomon@aol.com,7/31/1964,53.03,05-10-2008,9.22,157154,14%
995242,Leonel,Atkins,M,leonel.atkins@hotmail.com,07-11-1996,21.06,7/27/2017,0,190537,9%
839558,Teddy,Merritt,M,teddy.merritt@msn.com,06-10-1977,40.16,5/15/2010,7.21,43192,20%
398788,Alexandria,Long,F,alexandria.long@hotmail.com,2/15/1989,28.47,11/16/2010,6.7,136817,0%
166790,Margaret,Reilly,F,margaret.reilly@yahoo.com,10-05-1971,45.84,01-08-1995,22.57,131166,27%
581261,Willis,Rose,M,willis.rose@gmail.com,7/27/1979,38.03,12/25/2010,6.59,192446,24%
793523,Donovan,Bowman,M,donovan.bowman@hotmail.com,03-03-1987,30.42,9/16/2011,5.87,145629,7%
178602,Kristina,Mcgowan,F,kristina.mcgowan@gmail.com,8/29/1978,38.94,05-11-2007,10.22,185016,16%
346662,Garth,Clarke,M,garth.clarke@yahoo.com,11-11-1969,47.74,11-07-2015,1.72,80047,25%
817037,Martin,Buchanan,M,martin.buchanan@charter.net,9/14/1974,42.9,7/14/2001,16.05,105374,27%
648913,Irwin,Jenkins,M,irwin.jenkins@aol.com,5/20/1975,42.22,5/23/2013,4.18,48133,20%
924281,Reynaldo,Sosa,M,reynaldo.sosa@gmail.com,10/15/1965,51.82,05-03-1989,28.25,153633,12%
951857,Sherri,Snyder,F,sherri.snyder@gmail.com,5/30/1991,26.18,8/21/2013,3.94,65798,0%
474759,Johnny,Dunlap,M,johnny.dunlap@gmail.com,11-02-1962,54.77,7/15/2012,5.04,193315,2%
144715,Earnest,Kirk,M,earnest.kirk@gmail.com,03-01-1965,52.44,9/21/2005,11.86,168726,30%
141086,Bernardo,Mcdowell,M,bernardo.mcdowell@gmail.com,5/28/1963,54.21,4/24/2003,14.27,118615,23%
633255,Yvette,Warner,F,yvette.warner@yahoo.com,6/17/1996,21.13,07-09-2017,0.05,190579,7%
768457,Robby,Jordan,M,robby.jordan@comcast.net,3/20/1974,43.39,03-12-2007,10.39,119793,25%
583282,Carolina,Coleman,F,carolina.coleman@aol.com,10/30/1994,22.76,07-01-2016,1.07,166828,18%
421955,Sonia,Cook,F,sonia.cook@gmail.com,07-03-1965,52.1,12/25/2012,4.59,191691,23%
556491,Larry,Tran,M,larry.tran@gmail.com,01-12-1970,47.57,3/15/2007,10.38,129203,30%
701223,Esmeralda,Grant,F,esmeralda.grant@yahoo.com,12/19/1990,26.62,1/24/2013,4.51,190367,19%
122005,Candy,Singleton,F,candy.singleton@hotmail.com,6/29/1981,36.1,04-11-2017,0.3,175771,10%
461385,Emma,Obrien,F,emma.obrien@gmail.com,9/15/1966,50.9,12-02-2012,4.65,182870,5%
249180,Scot,Beach,M,scot.beach@sbcglobal.net,7/31/1980,37.02,6/29/2010,7.08,141641,1%
634658,Rolland,Mendoza,M,rolland.mendoza@yahoo.com,08-05-1966,51.01,1/26/2015,2.5,75123,24%
842752,Tommie,Sanchez,F,tommie.sanchez@gmail.com,06-06-1974,43.17,9/25/1997,19.85,155291,1%
513773,Jessie,Cortez,M,jessie.cortez@exxonmobil.com,9/20/1981,35.88,4/16/2016,1.28,102944,27%
781472,Isiah,Guthrie,M,isiah.guthrie@bellsouth.net,8/19/1965,51.98,05-06-2009,8.23,45519,25%
747200,Janelle,Gill,F,janelle.gill@gmail.com,5/27/1962,55.21,7/13/1999,18.05,131182,30%
932425,Christoper,Haynes,M,christoper.haynes@yahoo.com,09-01-1979,37.93,2/24/2014,3.42,84029,3%
962851,Kathie,Kirby,F,kathie.kirby@sbcglobal.net,11/22/1986,30.7,7/30/2011,6,65985,25%
168829,Antonia,Kinney,F,antonia.kinney@gmail.com,02-09-1985,32.48,5/26/2006,11.18,148623,16%
603575,Ophelia,Wagner,F,ophelia.wagner@ibm.com,02-02-1972,45.52,11/25/2013,3.67,45192,12%
419075,Hallie,Cervantes,F,hallie.cervantes@aol.com,6/30/1979,38.1,04-03-2016,1.32,192037,20%
224473,Adriana,Mcfarland,F,adriana.mcfarland@outlook.com,8/29/1978,38.94,01-10-2000,17.56,71847,5%
552582,Jana,Weiss,F,jana.weiss@gmail.com,01-04-1968,49.6,06-03-2000,17.16,141390,24%
724235,Quentin,Benson,M,quentin.benson@gmail.com,3/21/1980,37.38,4/17/2013,4.28,75837,28%
908007,Debra,Pena,F,debra.pena@ibm.com,11/25/1990,26.69,9/17/2015,1.86,113267,16%
871610,Kenton,Moreno,M,kenton.moreno@shell.com,1/19/1993,24.54,01-08-2016,1.55,148664,20%
491595,Ian,Alvarado,M,ian.alvarado@aol.com,9/25/1965,51.87,12/27/1998,18.6,109416,15%
821474,Jasper,Lucas,M,jasper.lucas@yahoo.co.in,9/18/1981,35.88,02-12-2003,14.47,96328,21%
206783,Brock,Roberts,M,brock.roberts@yahoo.co.in,2/27/1968,49.45,01-08-1991,26.57,158082,25%
870463,Salvador,Deleon,M,salvador.deleon@hotmail.com,04-07-1969,48.34,2/21/1995,22.45,55351,6%
809491,Terence,Giles,M,terence.giles@yahoo.com,9/15/1976,40.89,06-12-2010,7.13,145954,26%
924427,Dario,Townsend,M,dario.townsend@yahoo.com,05-10-1962,55.25,1/27/1994,23.52,116911,26%
505780,Ester,Houston,F,ester.houston@ibm.com,03-12-1978,39.41,07-01-2007,10.08,65748,19%
149904,Leanne,Mcmahon,F,leanne.mcmahon@shaw.ca,01-11-1964,53.58,05-08-1985,32.24,144108,27%
886315,Valentin,Montoya,M,valentin.montoya@aol.com,11-07-1965,51.76,01-05-1997,20.57,164411,23%
948512,Jared,Shepherd,M,jared.shepherd@ntlworld.com,3/26/1996,21.35,05-10-2017,0.22,47359,20%
780963,Jami,Cantrell,F,jami.cantrell@hotmail.com,3/30/1986,31.35,4/20/2007,10.28,196942,29%
282037,Bruno,Whitney,M,bruno.whitney@sbcglobal.net,3/21/1976,41.38,04-04-2010,7.32,182912,30%
505758,Garland,Watkins,M,garland.watkins@apple.com,1/14/1962,55.57,9/26/2008,8.84,70852,9%
487100,Augustus,Maldonado,M,augustus.maldonado@yahoo.com,5/25/1992,25.19,08-01-2016,0.99,139481,16%
974444,Luther,Mcneil,M,luther.mcneil@aol.com,3/31/1992,25.34,04-02-2014,3.32,46241,28%
829416,Jimmy,Molina,M,jimmy.molina@gmail.com,05-08-1966,51.26,10-11-2005,11.8,138022,15%
146825,Morton,Franklin,M,morton.franklin@cox.net,8/22/1960,56.97,2/14/2008,9.46,136498,21%
603179,Andrew,Price,M,andrew.price@yahoo.co.uk,03-06-1987,30.42,5/31/2009,8.16,189614,24%
175035,Ava,Romero,F,ava.romero@aol.com,5/25/1972,45.21,9/14/2004,12.88,154633,6%
358935,Anastasia,Bowen,F,anastasia.bowen@gmail.com,12/23/1992,24.61,04-01-2017,0.32,196480,21%
608832,Sabrina,Fowler,F,sabrina.fowler@outlook.com,01-03-1982,35.59,7/17/2006,11.04,130226,6%
509911,Kirsten,Lee,F,kirsten.lee@hotmail.com,10/16/1968,48.81,12/19/2014,2.61,61126,9%
354363,Tabatha,Arnold,F,tabatha.arnold@gmail.com,7/29/1976,41.02,12-01-2004,12.66,62009,24%
344607,Gregg,Mann,M,gregg.mann@verizon.net,5/15/1959,58.24,07-09-1998,19.07,188608,29%
191963,Deanne,Mccarty,F,deanne.mccarty@charter.net,01-03-1974,43.59,07-03-2012,5.07,91068,20%
695631,Juanita,Zimmerman,F,juanita.zimmerman@hotmail.com,10/16/1974,42.81,11/18/2010,6.7,86919,15%
547420,Doug,Small,M,doug.small@hotmail.com,12-08-1991,25.65,11/19/2014,2.69,139670,26%
403674,Billy,Mcdowell,M,billy.mcdowell@gmail.com,10-06-1983,33.83,04-06-2014,3.31,170510,1%
988937,Boyd,Valencia,M,boyd.valencia@gmail.com,06-09-1987,30.16,11/16/2016,0.7,180715,26%
937737,Roberto,Caldwell,M,roberto.caldwell@gmail.com,08-12-1994,22.98,03-11-2017,0.38,71924,22%
144235,Kris,Conner,M,kris.conner@gmail.com,5/23/1962,55.22,9/20/1998,18.87,102819,0%
866051,Leann,Ortiz,F,leann.ortiz@gmail.com,2/16/1990,27.46,04-08-2011,6.31,86569,13%
287787,Joaquin,Bentley,M,joaquin.bentley@gmail.com,8/24/1961,55.96,7/28/2012,5,96012,16%
316579,Leanne,Potter,F,leanne.potter@exxonmobil.com,1/25/1989,28.52,10/16/2015,1.78,95604,19%
625981,Jay,Sanders,M,jay.sanders@gmail.com,01-05-1964,53.6,12/29/1987,29.6,123069,23%
232661,Luz,Brown,F,luz.brown@msn.com,07-06-1961,56.1,5/18/1987,30.22,111953,27%
863522,Dudley,Preston,M,dudley.preston@gmail.com,11/16/1977,39.72,3/24/2014,3.35,121461,9%
118236,Monroe,Beach,M,monroe.beach@bp.com,10/18/1987,29.8,8/26/2015,1.92,74452,2%
412201,Dina,Jones,F,dina.jones@aol.com,8/26/1990,26.94,7/26/2013,4.01,60935,6%
855988,Christian,Morrison,M,christian.morrison@yahoo.co.in,07-08-1959,58.1,11-12-2011,5.71,75109,13%
158689,Lucile,Fleming,F,lucile.fleming@hotmail.co.uk,12/13/1966,50.66,12-09-2006,10.64,141720,5%
737292,Luciano,Ray,M,luciano.ray@btinternet.com,10/19/1991,25.79,2/22/2014,3.43,164496,1%
596917,Ahmad,Poole,M,ahmad.poole@gmail.com,06-06-1973,44.17,06-01-2016,1.16,178345,29%
620634,Janna,Hopkins,F,janna.hopkins@aol.com,11/21/1987,29.7,12/21/2011,5.61,40265,16%
130591,Kendrick,Miles,M,kendrick.miles@ibm.com,08-10-1962,55,1/25/1991,26.52,134103,28%
579618,Demetrius,Ruiz,M,demetrius.ruiz@gmail.com,12/14/1992,24.64,5/20/2015,2.19,83790,27%
240295,Ken,Winters,M,ken.winters@rediffmail.com,2/14/1995,22.47,3/31/2016,1.33,131126,13%
846100,Earl,Gilbert,M,earl.gilbert@bp.com,1/14/1973,44.56,8/26/2013,3.92,129931,11%
431841,Taylor,Barlow,F,taylor.barlow@aol.com,02-04-1965,52.51,4/18/1987,30.3,61082,0%
520702,Clarissa,Lawson,F,clarissa.lawson@hotmail.com,6/26/1993,24.1,11-11-2015,1.71,74924,30%
771425,Lewis,Fuller,M,lewis.fuller@comcast.net,11-01-1958,58.78,12/20/2006,10.61,81514,4%
189557,Claudine,Black,F,claudine.black@gmail.com,5/24/1978,39.21,09-09-2015,1.88,67398,16%
702034,Mitzi,Lynch,F,mitzi.lynch@aol.com,8/29/1960,56.95,3/17/2005,12.37,122784,24%
586207,Michel,Finch,M,michel.finch@gmail.com,6/26/1986,31.11,3/20/2012,5.36,147516,9%
835545,Janie,Velasquez,F,janie.velasquez@gmail.com,4/19/1958,59.32,5/14/1983,34.23,90653,19%
326407,Sophie,Bass,F,sophie.bass@hotmail.com,1/16/1990,27.55,10/13/2011,5.79,199238,28%
414967,Bette,Kane,F,bette.kane@gmail.com,12/30/1979,37.6,6/13/2004,13.13,89490,16%
410300,Dena,Blake,F,dena.blake@hotmail.com,5/26/1975,42.2,2/24/2011,6.43,160716,20%
252371,Dante,Farmer,M,dante.farmer@aol.com,7/15/1985,32.06,8/18/2010,6.95,191093,4%
297502,Angelina,Lynn,F,angelina.lynn@rediffmail.com,3/14/1975,42.4,03-08-2007,10.4,157805,27%
725857,Shannon,Snow,F,shannon.snow@yahoo.com,11-03-1961,55.77,7/30/2014,3,114142,8%
805103,Ron,Glenn,M,ron.glenn@gmail.com,07-06-1993,24.08,9/14/2014,2.87,105706,23%
641096,Kerry,Pitts,F,kerry.pitts@aol.com,05-04-1989,28.25,04-04-2017,0.32,179286,3%
856369,Dominick,Robbins,M,dominick.robbins@hotmail.com,8/19/1979,37.97,10/21/2001,15.78,123733,18%
318571,Emory,Spence,M,emory.spence@yahoo.com,05-04-1967,50.27,10/18/2004,12.78,144834,17%
219020,Lana,Spence,F,lana.spence@aol.com,7/15/1967,50.07,6/21/2009,8.11,108199,24%
934285,Jeremy,English,M,jeremy.english@gmail.com,09-11-1972,44.91,10/20/1996,20.78,88094,12%
149763,Dudley,Melton,M,dudley.melton@aol.com,04-02-1991,26.34,5/17/2013,4.2,48438,22%
363951,Frances,Stafford,F,frances.stafford@ntlworld.com,09-07-1965,51.92,7/25/1987,30.03,177320,16%
306185,Percy,Hunt,M,percy.hunt@btinternet.com,12/13/1970,46.65,11-07-2004,12.73,150940,8%
225090,Alfredo,Vasquez,M,alfredo.vasquez@bp.com,4/21/1973,44.3,10-04-2005,11.82,59287,3%
287114,Joanna,Perkins,F,joanna.perkins@aol.com,08-10-1959,58.01,09-09-1992,24.9,196619,7%
811489,Susanna,Huff,F,susanna.huff@hotmail.com,07-09-1970,47.08,05-04-2011,6.24,67505,4%
162573,Ola,Thompson,F,ola.thompson@yahoo.com,8/28/1970,46.95,8/19/2003,13.95,156203,30%
836699,Louella,Wolfe,F,louella.wolfe@charter.net,2/19/1966,51.47,5/21/2001,16.2,96037,15%
798859,Deirdre,Travis,F,deirdre.travis@hotmail.com,04-11-1971,46.33,7/15/1998,19.05,128752,22%
458765,Kristina,Ware,F,kristina.ware@gmail.com,6/26/1981,36.11,10/18/2006,10.78,183956,29%
562109,Stacy,Dixon,M,stacy.dixon@aol.com,5/27/1963,54.21,11/30/1995,21.67,108295,6%
947334,Frankie,Clark,M,frankie.clark@apple.com,11/19/1960,56.73,11/20/2010,6.69,175424,7%
316995,Pauline,Gilbert,F,pauline.gilbert@yahoo.com,07-05-1996,21.08,7/22/2017,0.02,123599,16%
798671,Adolph,Skinner,M,adolph.skinner@gmail.com,9/20/1964,52.89,5/26/2008,9.18,180393,22%
415004,Rosa,Camacho,F,rosa.camacho@gmail.com,04-07-1995,22.32,5/25/2016,1.18,56054,10%
770810,Craig,Marquez,M,craig.marquez@gmail.com,6/16/1982,35.14,12/18/2004,12.62,80934,22%
255640,Stanley,Lowe,M,stanley.lowe@gmail.com,09-07-1986,30.91,11/14/2008,8.71,80699,21%
311079,Morgan,Farrell,M,morgan.farrell@gmail.com,4/17/1989,28.3,11/23/2011,5.68,48192,21%
559421,Reba,Potts,F,reba.potts@microsoft.com,04-02-1986,31.34,07-07-2011,6.06,155351,17%
959306,Shana,Gould,F,shana.gould@gmail.com,7/20/1973,44.05,8/17/2000,16.96,74961,30%
713805,Adam,Bartlett,M,adam.bartlett@aol.com,9/25/1971,45.87,6/20/2005,12.11,62876,15%
532285,Leann,Melendez,F,leann.melendez@gmail.com,11-04-1973,43.76,12/17/2007,9.62,88889,23%
664249,Floyd,Mills,M,floyd.mills@gmail.com,8/29/1983,33.94,02-02-2006,11.49,111583,27%
339483,Scott,Carrillo,M,scott.carrillo@sbcglobal.net,1/15/1970,47.56,08-06-1991,25.99,171304,13%
155956,Sterling,Hooper,M,sterling.hooper@hotmail.com,9/19/1962,54.89,8/18/2003,13.95,78732,29%
791119,Damon,Hunt,M,damon.hunt@gmail.com,11/28/1978,38.69,11-05-2010,6.73,126670,5%
798553,Mauricio,Potts,M,mauricio.potts@yahoo.com,8/31/1986,30.93,4/15/2015,2.29,102183,15%
981925,Ebony,Eaton,F,ebony.eaton@gmail.com,7/24/1964,53.05,10/26/1999,17.77,87666,7%
648118,Bobbie,Joyner,F,bobbie.joyner@gmail.com,4/20/1971,46.3,4/19/2016,1.27,65153,29%
278391,Jami,Velasquez,F,jami.velasquez@hotmail.com,7/23/1992,25.03,8/19/2016,0.94,40883,9%
556573,Aisha,Gentry,F,aisha.gentry@aol.com,10/31/1965,51.78,07-10-1991,26.07,139115,4%
159472,Moses,Reid,M,moses.reid@apple.com,12/22/1964,52.63,8/14/1999,17.97,198160,19%
871770,Monique,Deleon,F,monique.deleon@hotmail.com,04-09-1990,27.32,5/17/2015,2.2,69805,30%
338556,Domingo,Gibbs,M,domingo.gibbs@hotmail.com,11-07-1988,28.74,10/27/2013,3.75,178530,20%
182719,Tammy,Vincent,F,tammy.vincent@aol.com,7/13/1960,57.08,11/19/2007,9.7,111372,30%
305556,Federico,Wilson,M,federico.wilson@yahoo.com,11/16/1974,42.73,4/13/2000,17.3,125802,23%
915507,Kory,Roth,M,kory.roth@bp.com,1/18/1974,43.55,11/24/2010,6.68,153636,1%
761381,Nichole,Lloyd,F,nichole.lloyd@shell.com,4/23/1986,31.28,12/15/2016,0.62,46766,10%
141022,Rodger,Chavez,M,rodger.chavez@outlook.com,07-10-1981,36.07,03-03-2005,12.41,187480,16%
528086,Bruce,Carney,M,bruce.carney@hotmail.com,02-09-1974,43.49,05-07-2013,4.23,95018,16%
177821,Derick,Ferrell,M,derick.ferrell@yahoo.co.in,02-07-1975,42.5,04-05-2008,9.32,173372,24%
740281,Lorna,Henson,F,lorna.henson@outlook.com,06-09-1989,28.15,10/23/2011,5.77,85410,16%
906797,Rico,Mayo,M,rico.mayo@gmail.com,06-10-1991,26.15,11/17/2016,0.69,137995,1%
790008,Luann,Crane,F,luann.crane@gmail.com,3/26/1977,40.37,7/15/2010,7.04,84136,23%
825433,Tara,Goodwin,F,tara.goodwin@shaw.ca,7/23/1968,49.05,11/24/2007,9.68,84023,24%
941759,Shaun,Evans,M,shaun.evans@gmail.com,04-02-1969,48.35,6/13/1990,27.14,119430,12%
313864,Debbie,Velez,F,debbie.velez@aol.com,4/13/1963,54.33,9/29/1996,20.84,138006,29%
978745,May,Hodge,F,may.hodge@hotmail.com,1/22/1975,42.54,1/31/2015,2.49,137894,26%
807182,Adeline,Evans,F,adeline.evans@cox.net,8/13/1988,28.98,04-07-2016,1.31,121383,12%
463743,Guy,Gilbert,M,guy.gilbert@gmail.com,9/18/1960,56.9,7/17/1988,29.05,91453,2%
901775,Opal,Hansen,F,opal.hansen@hotmail.com,11-01-1977,39.76,05-04-2017,0.23,169631,17%
197867,Robbie,Oconnor,F,robbie.oconnor@bellsouth.net,02-08-1993,24.48,5/30/2014,3.16,79934,9%
423470,Ella,Craft,F,ella.craft@aol.com,2/18/1992,25.46,04-07-2017,0.31,64521,15%
238361,Derrick,Vaughn,M,derrick.vaughn@ibm.com,4/16/1965,52.32,05-06-1990,27.25,194264,1%
596366,Maura,Cherry,F,maura.cherry@earthlink.net,05-03-1970,47.27,04-05-1996,21.33,104520,8%
725424,Roderick,Vinson,M,roderick.vinson@hotmail.com,03-03-1994,23.42,8/28/2016,0.92,65304,19%
229037,Gwen,Gilliam,F,gwen.gilliam@aol.com,1/13/1995,22.55,05-08-2016,1.22,138294,17%
434723,Melanie,Zimmerman,F,melanie.zimmerman@aol.com,06-09-1970,47.17,01-12-1999,18.55,83300,23%
501422,Micah,Merritt,M,micah.merritt@rediffmail.com,10/25/1983,33.78,11/27/2006,10.67,146356,17%
638943,Buford,Hobbs,M,buford.hobbs@msn.com,10-03-1975,41.85,3/15/2000,17.38,52960,24%
935745,Kyle,Farmer,M,kyle.farmer@gmail.com,11/20/1974,42.72,8/30/2015,1.91,195833,8%
750581,Jocelyn,Rojas,F,jocelyn.rojas@earthlink.net,02-04-1969,48.51,10/17/2009,7.78,49158,11%
468128,Larry,Gray,M,larry.gray@outlook.com,9/14/1993,23.88,7/31/2015,1.99,193352,23%
884877,Wilbur,Bates,M,wilbur.bates@verizon.net,7/27/1989,28.02,04-12-2012,5.3,118264,12%
870904,Maxine,Moran,F,maxine.moran@gmail.com,4/27/1968,49.28,3/25/2009,8.35,61056,30%
926224,Kathleen,Middleton,F,kathleen.middleton@yahoo.com,03-05-1979,38.42,5/20/2009,8.19,150091,26%
220061,Norbert,Joyner,M,norbert.joyner@gmail.com,4/18/1966,51.31,11/24/2008,8.68,40749,21%
125823,Chadwick,Walton,M,chadwick.walton@earthlink.net,2/17/1966,51.48,9/14/2008,8.87,165482,18%
768943,Connie,Shaffer,F,connie.shaffer@walmart.com,08-10-1973,43.99,10/15/1999,17.8,71160,20%
591698,Bobbie,Singleton,F,bobbie.singleton@yahoo.com,1/31/1985,32.51,01-01-2011,6.58,184505,12%
700418,Lesley,Rollins,F,lesley.rollins@aol.com,03-02-1995,22.42,02-11-2017,0.46,103327,22%
476635,Victoria,Howe,F,victoria.howe@gmail.com,02-09-1968,49.5,09-01-1995,21.92,160288,27%
785299,Marc,Nixon,M,marc.nixon@gmail.com,2/20/1970,47.47,12/28/2005,11.59,59123,0%
225139,Elias,Pena,M,elias.pena@hotmail.com,3/18/1996,21.38,04-08-2017,0.3,183466,27%
308125,Flossie,Mcpherson,F,flossie.mcpherson@gmail.com,11/18/1969,47.72,3/18/1996,21.38,97890,29%
129426,Lana,Hayes,F,lana.hayes@hotmail.com,12/17/1975,41.64,10/15/2013,3.79,82263,13%
399192,Nick,Wilcox,M,nick.wilcox@bellsouth.net,11/18/1976,40.72,09-10-2012,4.88,136207,28%
555551,Nona,Buck,F,nona.buck@outlook.com,06-09-1988,29.15,11-08-2010,6.72,143194,23%
245059,Abdul,Barnett,M,abdul.barnett@hotmail.com,3/26/1985,32.36,9/26/2011,5.84,165777,25%
423008,Inez,Kane,F,inez.kane@ntlworld.com,05-12-1985,32.23,09-11-2009,7.88,77392,14%
316407,Raquel,Bray,F,raquel.bray@hotmail.co.uk,12-09-1993,23.65,09-10-2015,1.88,74449,0%
410027,Sean,Noble,M,sean.noble@cox.net,8/17/1962,54.98,3/25/2011,6.35,117566,4%
307715,Fred,Woodward,M,fred.woodward@hotmail.com,12/23/1970,46.63,04-04-2003,14.33,115356,27%
690117,Sylvester,Salas,M,sylvester.salas@outlook.com,9/25/1987,29.86,2/18/2016,1.44,170570,29%
149844,Berta,Irwin,F,berta.irwin@gmail.com,01-12-1983,34.56,06-02-2012,5.16,169176,20%
116530,Noelle,Paul,F,noelle.paul@yahoo.com,02-01-1964,53.52,11/19/1988,28.71,190616,1%
234429,Chrystal,Swanson,F,chrystal.swanson@aol.com,2/25/1984,33.44,4/27/2007,10.26,144528,23%
437970,Reggie,Nolan,M,reggie.nolan@gmail.com,9/17/1989,27.88,08-05-2013,3.98,178094,19%
766745,Joanne,Melton,F,joanne.melton@verizon.net,12/19/1964,52.64,3/30/2006,11.34,61487,30%
684446,Bryon,Gardner,M,bryon.gardner@aol.com,2/23/1985,32.45,03-04-2008,9.41,169032,4%
385932,Noreen,Vincent,F,noreen.vincent@yahoo.com,9/15/1994,22.88,8/20/2016,0.94,163224,12%
862150,Mathew,Duran,M,mathew.duran@aol.com,09-06-1993,23.91,9/27/2015,1.84,140169,5%
635915,Herminia,Morin,F,herminia.morin@yahoo.com,2/24/1961,56.46,6/25/1989,28.11,160770,11%
540696,Luke,Craft,M,luke.craft@apple.com,8/25/1984,32.95,7/26/2013,4.01,114661,13%
870351,Ronny,Long,M,ronny.long@microsoft.com,12-10-1982,34.65,11/25/2009,7.68,115908,20%
360498,Jeannine,Vaughn,F,jeannine.vaughn@aol.com,04-09-1978,39.33,4/29/2014,3.25,153407,17%
397164,Silvia,Huff,F,silvia.huff@gmail.com,02-12-1974,43.48,1/28/2009,8.5,67189,0%
488068,Margo,Hoffman,F,margo.hoffman@gmail.com,5/14/1985,32.23,12/21/2009,7.61,117004,9%
890432,Kimberly,Summers,F,kimberly.summers@msn.com,12/31/1958,58.61,4/30/2006,11.25,184073,30%
935890,Jodie,Mckinney,F,jodie.mckinney@bp.com,10/16/1995,21.8,12/24/2016,0.59,83325,29%
541867,Lorrie,Leblanc,F,lorrie.leblanc@gmail.com,01-12-1968,49.58,2/13/1993,24.47,74192,25%
885774,Miles,Giles,M,miles.giles@yahoo.com,08-03-1976,41.01,02-12-2007,10.46,105720,30%
979649,Jamar,Castaneda,M,jamar.castaneda@yahoo.com,05-11-1982,35.24,5/22/2006,11.19,68745,16%
599012,Amber,Warner,F,amber.warner@hotmail.com,11/19/1957,59.73,08-06-2016,0.98,116847,15%
204626,Sterling,Patel,M,sterling.patel@aol.com,2/15/1966,51.48,11-11-2001,15.72,151009,21%
830006,Enid,Pearson,F,enid.pearson@cox.net,7/28/1972,45.03,4/24/2006,11.27,183123,3%
127205,Annmarie,Frye,F,annmarie.frye@charter.net,06-04-1986,31.17,7/14/2013,4.04,72981,11%
215589,Molly,Roach,F,molly.roach@gmail.com,10/21/1966,50.8,10-01-2005,11.83,74803,19%
621606,Rogelio,Poole,M,rogelio.poole@exxonmobil.com,3/31/1992,25.34,7/27/2014,3.01,85147,20%
223379,Mathew,Duke,M,mathew.duke@rediffmail.com,1/17/1993,24.54,09-06-2015,1.89,196685,13%
236366,Lewis,Ayala,M,lewis.ayala@gmail.com,11/29/1992,24.68,6/15/2016,1.12,144369,30%
798043,Claudette,Walter,F,claudette.walter@outlook.com,2/17/1984,33.47,08-04-2012,4.98,44430,13%
811092,Tracie,Delaney,F,tracie.delaney@hotmail.com,5/31/1973,44.19,5/19/2011,6.2,144899,23%
288820,Eric,Mccullough,M,eric.mccullough@gmail.com,10/17/1965,51.81,3/20/1997,20.37,151530,30%
138351,Nestor,Carney,M,nestor.carney@gmail.com,06-05-1975,42.18,12-04-1996,20.66,77526,1%
130501,Mitzi,Mueller,F,mitzi.mueller@hotmail.com,03-03-1967,50.44,04-10-2010,7.3,91870,11%
587373,Lillian,Atkinson,F,lillian.atkinson@aol.com,2/25/1993,24.44,12/26/2016,0.59,181837,24%
750124,Barry,Garner,M,barry.garner@gmail.com,12/21/1979,37.63,1/26/2014,3.5,182944,12%
495105,Coleen,Morris,F,coleen.morris@gmail.com,11/16/1995,21.71,02-02-2017,0.48,76605,13%
282678,Marci,Alvarado,F,marci.alvarado@gmail.com,5/31/1966,51.19,09-02-2007,9.91,174673,11%
241302,Monty,Lancaster,M,monty.lancaster@walmart.com,3/18/1960,57.4,08-07-1985,31.99,53313,15%
790290,Norris,Adams,M,norris.adams@yahoo.com,10/21/1993,23.78,04-08-2016,1.3,88865,16%
924304,Elvira,Byrd,F,elvira.byrd@gmail.com,02-07-1990,27.49,4/19/2011,6.28,77787,18%
234880,Keven,Logan,M,keven.logan@gmail.com,02-11-1989,28.48,05-10-2012,5.22,94291,24%
443072,Rosendo,Rasmussen,M,rosendo.rasmussen@earthlink.net,10/26/1978,38.78,4/29/2001,16.26,84964,30%
232070,Carly,Leach,F,carly.leach@cox.net,01-03-1971,46.6,12/20/2013,3.61,182390,3%
902132,Colleen,Bray,F,colleen.bray@hotmail.com,04-07-1982,35.33,7/29/2014,3,71784,26%
280781,Ollie,William,F,ollie.william@verizon.net,10/19/1979,37.8,9/14/2007,9.88,128589,1%
589440,Hilario,Vang,M,hilario.vang@gmail.com,06-06-1978,39.17,04-12-2011,6.3,133205,9%
940754,Nadine,Blanchard,F,nadine.blanchard@exxonmobil.com,3/14/1978,39.4,10/29/2001,15.76,104269,3%
888277,Wm,Carroll,M,wm.carroll@gmail.com,5/16/1987,30.22,1/17/2017,0.53,146342,11%
430202,Minnie,Mckee,F,minnie.mckee@gmail.com,8/26/1995,21.94,9/23/2016,0.84,104332,9%
928723,Angela,Compton,F,angela.compton@gmail.com,1/21/1967,50.55,12-01-2008,8.66,127733,11%
449164,Lillian,Gill,F,lillian.gill@gmail.com,7/28/1970,47.03,04-09-2000,17.31,75411,24%
117603,Bob,Weiss,M,bob.weiss@hotmail.com,10/26/1991,25.77,12/23/2012,4.6,88733,2%
811884,Edwin,Perez,M,edwin.perez@gmail.com,2/27/1992,25.43,06-11-2014,3.13,109695,9%
463579,Bernardo,Langley,M,bernardo.langley@hotmail.com,10/21/1972,44.8,8/30/2007,9.92,174027,3%
915993,William,Morrison,M,william.morrison@gmail.com,3/30/1967,50.36,10-02-2001,15.83,109382,12%
836259,Vance,Osborne,M,vance.osborne@shaw.ca,11-09-1972,44.75,6/30/2001,16.09,148267,29%
520719,Edmund,Salas,M,edmund.salas@aol.com,07-08-1959,58.1,8/16/1989,27.97,126758,24%
409341,Imogene,Sanders,F,imogene.sanders@yahoo.com,06-03-1985,32.17,10/15/2012,4.79,55845,26%
528576,Darin,Callahan,M,darin.callahan@gmail.com,10/27/1992,24.77,4/14/2014,3.29,64901,2%
315565,Loretta,Sawyer,F,loretta.sawyer@hotmail.com,1/23/1996,21.53,03-07-2017,0.39,78780,14%
242740,Olive,Livingston,F,olive.livingston@charter.net,02-09-1981,36.49,9/16/2002,14.87,184008,20%
763459,Gino,Mcconnell,M,gino.mcconnell@aol.com,10-08-1975,41.83,5/23/2005,12.19,57731,29%
239010,Fred,Hayes,M,fred.hayes@yahoo.com,12/17/1979,37.64,3/30/2001,16.34,58345,25%
865905,Nelson,Wilkins,M,nelson.wilkins@earthlink.net,12-12-1961,55.66,2/23/2017,0.42,141143,16%
657908,Joyce,Hooper,F,joyce.hooper@hotmail.com,2/21/1980,37.46,7/14/2002,15.05,68835,30%
652723,Juliana,Rowland,F,juliana.rowland@aol.com,04-07-1993,24.32,12-08-2016,0.64,67506,20%
944699,Norris,Mack,M,norris.mack@yahoo.co.in,9/18/1983,33.88,10/16/2009,7.79,116248,24%
517283,Tom,Frye,M,tom.frye@gmail.com,04-09-1976,41.33,3/18/2015,2.36,65753,10%
176214,Josephine,Pitts,F,josephine.pitts@hotmail.com,12/29/1972,44.61,8/30/2008,8.92,40040,22%
680485,Les,Brady,M,les.brady@gmail.com,07-06-1990,27.08,12/23/2016,0.59,158773,12%
891142,Jaime,Avery,M,jaime.avery@aol.com,03-07-1967,50.43,10/28/2005,11.76,187800,0%
810984,Marissa,Caldwell,F,marissa.caldwell@aol.com,10-03-1979,37.84,10/25/2000,16.77,135046,19%
896022,Lavern,Gardner,M,lavern.gardner@aol.com,10/19/1971,45.81,2/27/1998,19.43,140328,1%
162773,Evangeline,Mejia,F,evangeline.mejia@gmail.com,09-06-1959,57.93,1/31/2010,7.49,93417,28%
408036,Brandy,Carr,F,brandy.carr@btinternet.com,11/21/1976,40.71,9/21/2008,8.85,197345,4%
591248,Molly,Manning,F,molly.manning@hotmail.com,06-11-1962,55.17,6/30/2004,13.08,65981,11%
562393,Gale,Perez,M,gale.perez@rediffmail.com,12-02-1964,52.69,04-10-1994,23.32,188811,23%
808843,Merlin,Yates,M,merlin.yates@yahoo.co.uk,01-01-1991,26.59,04-04-2012,5.32,144104,5%
645393,Nelson,Mooney,M,nelson.mooney@yahoo.com,06-02-1967,50.19,07-01-1995,22.09,136885,14%
685818,Jackson,Bass,M,jackson.bass@gmail.com,3/14/1983,34.4,06-03-2013,4.15,172555,11%
747647,Trisha,Mueller,F,trisha.mueller@bp.com,6/13/1975,42.15,9/28/2006,10.84,133504,30%
846178,Lilia,Collins,F,lilia.collins@yahoo.com,06-07-1980,37.16,02-04-2004,13.49,196782,1%
754091,Kimberly,Cantu,F,kimberly.cantu@yahoo.com,10-07-1976,40.83,10-04-2002,14.82,198580,12%
808727,Luciano,Jordan,M,luciano.jordan@aol.com,4/23/1994,23.28,03-12-2016,1.38,168292,10%
143029,Danny,Robbins,M,danny.robbins@hotmail.com,9/27/1963,53.87,2/13/1999,18.47,123832,6%
923271,Wilfredo,Richards,M,wilfredo.richards@gmail.com,12/13/1960,56.66,10/26/1985,31.78,173178,16%
621988,Callie,Snider,F,callie.snider@yahoo.com,12/18/1989,27.63,6/25/2012,5.09,147243,27%
240842,Rachelle,Reed,F,rachelle.reed@yahoo.co.uk,11/27/1977,39.69,4/14/2010,7.29,88748,3%
517038,Bobbi,Olson,F,bobbi.olson@hotmail.com,11-03-1963,53.77,06-05-2017,0.15,143127,8%
456842,Kris,Richards,F,kris.richards@aol.com,2/24/1966,51.46,4/14/2011,6.29,173303,7%
276700,Marissa,Meyer,F,marissa.meyer@rediffmail.com,7/13/1958,59.08,2/28/1995,22.43,172845,11%
510431,Jamar,Reese,M,jamar.reese@hotmail.co.uk,6/13/1965,52.16,3/26/1999,18.35,134013,10%
451543,Nelda,Webster,F,nelda.webster@gmail.com,1/16/1986,31.55,03-03-2016,1.4,161123,2%
423508,Carolina,Bruce,F,carolina.bruce@aol.com,10-06-1971,45.84,4/22/2007,10.27,177947,25%
399486,Terri,Phelps,F,terri.phelps@microsoft.com,11/23/1975,41.71,12/16/1998,18.63,183013,23%
295933,Nestor,Rosales,M,nestor.rosales@aol.com,04-05-1979,38.34,4/23/2010,7.27,71204,29%
855670,Adrian,Robles,F,adrian.robles@gmail.com,06-08-1958,59.18,10/14/1982,34.81,166464,4%
151449,Kyle,Rios,M,kyle.rios@yahoo.co.uk,02-09-1993,24.48,11/28/2016,0.66,111183,2%
394700,Domingo,Wilkinson,M,domingo.wilkinson@outlook.com,1/21/1985,32.54,03-12-2008,9.38,95530,25%
328740,Leonardo,Bird,M,leonardo.bird@bp.com,1/24/1974,43.54,5/26/1997,20.19,116972,14%
924134,Hubert,Zimmerman,M,hubert.zimmerman@gmail.com,3/22/1980,37.38,10-07-2009,7.81,79197,18%
556518,Kory,Frank,M,kory.frank@yahoo.co.in,8/29/1987,29.93,9/28/2010,6.84,102865,29%
237003,Tami,Hayes,F,tami.hayes@gmail.com,12/18/1992,24.62,04-02-2016,1.32,170836,24%
518193,Amanda,Carr,F,amanda.carr@gmail.com,5/27/1973,44.2,11/27/2009,7.67,100000,2%
540019,Stephen,Bauer,M,stephen.bauer@sbcglobal.net,6/13/1990,27.14,8/30/2013,3.91,183279,11%
489463,Johnie,Carney,M,johnie.carney@yahoo.com,06-07-1991,26.16,6/20/2015,2.11,151127,29%
763039,Rebekah,Hull,F,rebekah.hull@earthlink.net,1/25/1973,44.53,4/29/2017,0.25,104526,3%
854365,Kelly,Spence,F,kelly.spence@yahoo.co.uk,03-12-1972,45.41,04-03-1997,20.33,103499,9%
233110,Tracie,Estes,F,tracie.estes@hotmail.com,05-11-1982,35.24,4/17/2012,5.28,159071,18%
416483,Bennett,Le,M,bennett.le@gmail.com,08-08-1982,34.99,5/29/2004,13.17,144885,27%
629763,Vernon,Bass,M,vernon.bass@aol.com,10-06-1962,54.85,3/18/2013,4.36,79853,16%
755278,Theron,Sweet,M,theron.sweet@gmail.com,3/15/1995,22.39,6/14/2016,1.12,187715,16%
471560,Ernie,Holden,M,ernie.holden@yahoo.com,11/28/1983,33.69,5/15/2013,4.21,75839,15%
988676,Shawn,Rasmussen,M,shawn.rasmussen@gmail.com,12-04-1978,38.67,07-05-2013,4.07,86337,19%
606109,Enrique,Adams,M,enrique.adams@rediffmail.com,12/14/1965,51.65,8/18/2001,15.95,100224,16%
414129,Ernie,Aguilar,M,ernie.aguilar@aol.com,08-08-1960,57.01,1/17/2001,16.54,152421,10%
286890,Carolyn,Donaldson,F,carolyn.donaldson@gmail.com,4/29/1960,57.28,03-01-2005,12.42,144259,1%
944811,Margie,Deleon,F,margie.deleon@sbcglobal.net,4/13/1979,38.32,8/28/2005,11.92,193461,8%
975770,Keven,Collins,M,keven.collins@gmail.com,07-12-1972,45.07,10-01-1995,21.84,161705,22%
590955,Bruce,Colon,M,bruce.colon@microsoft.com,05-02-1972,45.27,8/25/2010,6.93,139425,14%
565658,Kristen,Lott,F,kristen.lott@msn.com,07-06-1989,28.08,3/20/2011,6.36,188910,15%
569664,Howard,Dodson,M,howard.dodson@gmail.com,2/25/1983,34.44,2/18/2007,10.45,82516,18%
939970,Merle,Britt,M,merle.britt@aol.com,11/14/1977,39.73,6/21/2009,8.11,145515,28%
848744,Hector,Bradley,M,hector.bradley@yahoo.com,10-09-1988,28.82,01-05-2013,4.56,155065,17%
452230,Darnell,Spencer,M,darnell.spencer@aol.com,9/13/1969,47.9,08-11-1999,17.98,120778,17%
930129,Janelle,William,F,janelle.william@hotmail.com,2/23/1971,46.46,10-11-2004,12.8,70544,21%
909139,Eula,Atkinson,F,eula.atkinson@hotmail.com,05-06-1963,54.27,2/16/2012,5.45,70531,29%
678436,Theresa,Bender,F,theresa.bender@gmail.com,2/27/1959,58.45,2/27/1982,35.44,112711,23%
196011,Kimberley,Jacobson,F,kimberley.jacobson@gmail.com,10-01-1989,27.84,10/20/2010,6.78,129756,9%
666886,Angelita,Reyes,F,angelita.reyes@shaw.ca,6/16/1963,54.15,1/30/1987,30.51,117868,24%
572348,Selma,Floyd,F,selma.floyd@hotmail.com,9/30/1993,23.84,11/26/2015,1.67,65787,5%
846144,Edna,Paul,F,edna.paul@yahoo.com,01-08-1960,57.59,8/22/1989,27.95,75261,26%
665326,Dewayne,Sheppard,M,dewayne.sheppard@gmail.com,11-12-1958,58.75,5/21/2003,14.2,117143,28%
119399,Gale,Rodriquez,M,gale.rodriquez@ibm.com,5/25/1961,56.21,5/23/1995,22.2,90590,13%
744539,Cora,Blackburn,F,cora.blackburn@gmail.com,12/24/1963,53.63,11-07-2013,3.72,62973,0%
518154,Annmarie,Roth,F,annmarie.roth@outlook.com,10/16/1980,36.81,2/22/2006,11.44,57649,14%
416872,Owen,Lopez,M,owen.lopez@hotmail.co.uk,11-10-1976,40.74,5/26/2017,0.17,128144,4%
339806,Chrystal,Pittman,F,chrystal.pittman@gmail.com,11/20/1966,50.72,3/23/2009,8.35,63095,27%
991522,Thurman,Daniel,M,thurman.daniel@gmail.com,4/14/1969,48.32,11/18/2001,15.7,168935,21%
830373,Darnell,Hoffman,M,darnell.hoffman@rediffmail.com,4/17/1982,35.3,2/25/2013,4.42,189337,18%
987377,Raymundo,Sims,M,raymundo.sims@aol.com,11/27/1963,53.7,8/14/2009,7.96,184370,15%
551251,Frederick,Graham,M,frederick.graham@aol.com,12/22/1962,54.64,4/26/2015,2.26,180550,23%
143864,Natalie,Marshall,F,natalie.marshall@outlook.com,12/24/1973,43.62,3/25/2001,16.35,118172,13%
679990,Thad,Franklin,M,thad.franklin@charter.net,2/24/1994,23.44,11-02-2016,0.73,116818,12%
851939,Belinda,Trujillo,F,belinda.trujillo@btinternet.com,10/19/1991,25.79,1/23/2017,0.51,156339,4%
272885,Rosanna,Chase,F,rosanna.chase@yahoo.com,04-12-1972,45.32,12/22/2011,5.6,81401,28%
588553,Wilda,Rios,F,wilda.rios@yahoo.com,11-04-1986,30.75,06-03-2010,7.16,45345,24%
739367,Alyssa,Marquez,F,alyssa.marquez@gmail.com,5/26/1978,39.2,07-07-2012,5.06,46119,4%
271247,Liz,Barry,F,liz.barry@gmail.com,09-02-1991,25.92,8/26/2013,3.92,155974,25%
778200,Mariano,Lloyd,M,mariano.lloyd@aol.com,08-02-1959,58.03,11/16/1996,20.71,119877,17%
338449,Forest,Moss,M,forest.moss@yahoo.com,8/29/1963,53.95,5/13/1994,23.22,177768,3%
581042,Gino,Sullivan,M,gino.sullivan@exxonmobil.com,11/20/1965,51.72,02-02-2014,3.48,65297,16%
138800,Jarred,Bernard,M,jarred.bernard@hotmail.com,05-01-1968,49.27,4/24/2012,5.26,169107,28%
553362,Preston,Floyd,M,preston.floyd@bellsouth.net,3/21/1968,49.39,05-05-1992,25.25,68488,23%
435055,Clinton,Farley,M,clinton.farley@sbcglobal.net,8/19/1982,34.96,5/31/2015,2.16,87911,13%
469392,Dana,Hill,F,dana.hill@gmail.com,11-05-1958,58.77,6/29/1999,18.09,146938,6%
161467,Odell,Bryan,M,odell.bryan@yahoo.co.in,10/20/1980,36.79,08-04-2012,4.98,47971,2%
755543,Tameka,Atkinson,F,tameka.atkinson@hotmail.com,8/30/1983,33.93,10-12-2009,7.8,100525,26%
129077,Dominique,Moreno,M,dominique.moreno@aol.com,01-08-1991,26.57,8/26/2014,2.92,65901,18%
707856,Abraham,Mayo,M,abraham.mayo@ibm.com,05-03-1989,28.25,1/31/2015,2.49,190663,16%
817818,Augustus,Hines,M,augustus.hines@yahoo.com,11/27/1966,50.7,11/13/1990,26.72,183713,26%
226811,Rene,Burks,M,rene.burks@rediffmail.com,01-01-1992,25.59,12/24/2016,0.59,52560,18%
283199,Christian,Acevedo,M,christian.acevedo@outlook.com,7/21/1980,37.04,9/16/2006,10.87,132022,16%
319493,Major,Lucas,M,major.lucas@gmail.com,11-09-1982,34.74,02-09-2011,6.47,105620,17%
205347,Frieda,Hebert,F,frieda.hebert@ntlworld.com,8/23/1957,59.97,06-11-1985,32.15,138878,18%
508019,Rachael,Newman,F,rachael.newman@gmail.com,06-12-1960,57.16,07-11-2001,16.06,166948,3%
774862,Bernadine,Joseph,F,bernadine.joseph@gmail.com,12-01-1967,49.69,03-03-2006,11.41,49212,25%
394200,Deanna,Mccoy,F,deanna.mccoy@yahoo.com,09-08-1972,44.92,6/27/1995,22.1,92993,9%
887692,Joseph,Tucker,M,joseph.tucker@bp.com,10-03-1979,37.84,8/22/2006,10.94,199923,23%
408248,Antwan,Richardson,M,antwan.richardson@hotmail.com,9/29/1973,43.86,7/15/2004,13.04,114321,13%
787931,Harrison,Ortega,M,harrison.ortega@exxonmobil.com,4/13/1975,42.32,7/27/1998,19.02,175569,16%
547050,Dylan,Cantu,M,dylan.cantu@aol.com,07-01-1963,54.11,12/25/1998,18.6,168495,11%
964084,Winston,Hewitt,M,winston.hewitt@bp.com,04-11-1958,59.34,8/14/2013,3.96,89708,9%
574256,Serena,Marshall,F,serena.marshall@yahoo.com,11-01-1980,36.76,05-01-2016,1.24,136097,0%
215473,Maryann,Vance,F,maryann.vance@sbcglobal.net,11-02-1971,45.77,06-08-2010,7.14,116843,11%
932175,Roxie,Mckay,F,roxie.mckay@gmail.com,10/14/1989,27.81,11/25/2013,3.67,44868,14%
472119,Sonny,Morin,M,sonny.morin@gmail.com,11/19/1969,47.72,11/15/2001,15.71,120002,12%
282137,Eduardo,Burnett,M,eduardo.burnett@gmail.com,3/30/1970,47.36,2/27/2002,15.42,146973,20%
395867,Marietta,Watson,F,marietta.watson@gmail.com,3/25/1971,46.38,1/31/2014,3.49,138943,27%
923329,Nettie,Preston,F,nettie.preston@gmail.com,6/26/1979,38.12,9/15/2003,13.88,174389,23%
901654,Sandy,Gillespie,M,sandy.gillespie@yahoo.com,7/21/1989,28.04,10/21/2012,4.77,143979,11%
673438,Christopher,Peters,M,christopher.peters@exxonmobil.com,7/24/1989,28.03,10/17/2015,1.78,157427,22%
626693,Felicia,Gilmore,F,felicia.gilmore@gmail.com,02-04-1973,44.51,2/26/1996,21.43,60433,4%
683325,Tyler,Mercado,M,tyler.mercado@gmail.com,4/23/1968,49.3,12-04-1999,17.66,111364,24%
486465,Arline,Campbell,F,arline.campbell@gmail.com,12/28/1987,29.6,04-06-2012,5.31,148717,27%
213493,Margo,Daniels,F,margo.daniels@gmail.com,1/26/1970,47.53,10/14/2009,7.79,96218,13%
234177,Kareem,Jimenez,M,kareem.jimenez@gmail.com,7/23/1982,35.04,6/29/2010,7.08,105034,16%
289041,Nanette,Lee,F,nanette.lee@aol.com,5/13/1963,54.25,9/14/2016,0.87,114631,9%
384810,Myra,Franco,F,myra.franco@hotmail.com,02-11-1990,27.48,3/25/2012,5.35,87704,14%
149750,Luther,Harrell,M,luther.harrell@hotmail.com,1/28/1980,37.52,12-01-2009,7.66,152889,17%
864858,Ramon,Campbell,M,ramon.campbell@walmart.com,9/22/1990,26.87,04-12-2013,4.3,194123,26%
856418,Sallie,Huffman,F,sallie.huffman@walmart.com,08-11-1962,55,4/30/2005,12.25,70060,24%
415537,Shirley,Herrera,F,shirley.herrera@gmail.com,08-04-1977,40.01,2/28/2010,7.42,73333,5%
414557,Corey,Harrell,M,corey.harrell@yahoo.com,7/23/1971,46.05,5/16/2003,14.21,40261,8%
999475,Carrie,Keller,F,carrie.keller@gmail.com,03-12-1994,23.39,7/31/2015,1.99,79233,16%
554345,Ofelia,Rivers,F,ofelia.rivers@gmail.com,5/14/1974,43.24,7/14/2000,17.05,53050,18%
349751,Shelton,Harrison,M,shelton.harrison@yahoo.com,4/20/1986,31.29,09-03-2011,5.9,129402,15%
194598,Carlene,Bernard,F,carlene.bernard@aol.com,7/21/1994,23.04,8/17/2015,1.95,56938,10%
466860,Earline,Cherry,F,earline.cherry@bp.com,7/19/1975,42.05,04-04-1997,20.33,154554,11%
618554,Kitty,Mathis,F,kitty.mathis@gmail.com,11-02-1958,58.78,10/26/1991,25.77,131033,4%
535812,Lavonne,Carney,F,lavonne.carney@bp.com,11/24/1969,47.71,05-02-2009,8.24,143616,20%
500345,Reyna,Marks,F,reyna.marks@hotmail.com,10-10-1982,34.82,3/13/2017,0.38,109805,14%
735598,Preston,Perez,M,preston.perez@yahoo.com,10/30/1961,55.78,10/29/1992,24.76,69430,9%
921061,Isaac,Cochran,M,isaac.cochran@charter.net,7/14/1964,53.07,8/25/2006,10.93,45973,17%
968785,Noe,Clay,M,noe.clay@bellsouth.net,3/22/1975,42.38,08-11-2002,14.97,180086,0%
735499,Callie,Cohen,F,callie.cohen@aol.com,12/25/1967,49.62,10/19/1996,20.79,56526,30%
983480,Elliott,Marks,M,elliott.marks@aol.com,1/29/1966,51.53,01-05-2000,17.57,100866,13%
206279,Georgina,Lamb,F,georgina.lamb@gmail.com,11-09-1991,25.73,04-12-2016,1.29,56863,9%
582100,Frances,May,M,frances.may@rediffmail.com,11/20/1966,50.72,12/21/2001,15.61,191830,20%
821988,Marc,Hurley,M,marc.hurley@gmail.com,7/21/1982,35.04,12/13/2016,0.62,88052,21%
611384,Nathaniel,Bates,M,nathaniel.bates@exxonmobil.com,11-02-1967,49.77,9/20/2003,13.86,166017,13%
993792,Colby,Holder,M,colby.holder@walmart.com,08-08-1973,44,01-06-1999,18.57,62228,6%
316999,Dee,Love,F,dee.love@ibm.com,9/21/1963,53.89,07-02-1993,24.09,93272,19%
880526,Willie,Gibson,M,willie.gibson@gmail.com,01-09-1962,55.59,08-01-1999,18,191109,1%
201612,Alison,Walsh,F,alison.walsh@btinternet.com,08-12-1971,45.99,8/20/2010,6.94,154700,0%
481137,Gena,Holman,F,gena.holman@ntlworld.com,05-05-1989,28.25,6/18/2013,4.11,42626,25%
191985,Tammy,Casey,F,tammy.casey@gmail.com,4/14/1980,37.31,3/19/2002,15.37,192743,25%
244500,Shirley,Waller,F,shirley.waller@walmart.com,6/24/1959,58.13,02-10-1990,27.48,130706,14%
920668,Joanna,Poole,F,joanna.poole@bellsouth.net,5/25/1987,30.2,06-09-2015,2.14,141884,28%
335470,Amber,Mendoza,F,amber.mendoza@gmail.com,02-05-1973,44.5,09-05-1994,22.91,63144,27%
150036,Lourdes,Hull,F,lourdes.hull@hotmail.com,5/27/1968,49.2,11/16/1990,26.72,64976,20%
251640,Kim,England,F,kim.england@gmail.com,2/18/1970,47.47,6/25/1995,22.11,112635,2%
588702,Haley,Maddox,F,haley.maddox@gmail.com,3/13/1972,45.41,6/25/2004,13.1,160196,25%
707453,Rory,Atkins,M,rory.atkins@gmail.com,09-05-1966,50.93,3/19/1995,22.38,155903,2%
239168,Kathrine,Whitaker,F,kathrine.whitaker@yahoo.com,7/30/1992,25.01,9/21/2016,0.85,183618,21%
146790,Lou,Buckner,F,lou.buckner@gmail.com,10/29/1989,27.76,11/29/2010,6.67,45969,18%
637843,Karla,Barrera,F,karla.barrera@gmail.com,6/16/1966,51.15,05-12-1993,24.23,172421,24%
689587,Ava,Kane,F,ava.kane@aol.com,04-10-1983,34.32,3/24/2012,5.35,82550,30%
126316,Roseann,Riley,F,roseann.riley@aol.com,8/17/1976,40.97,2/22/2010,7.43,73715,17%
318026,Elizabeth,Fernandez,F,elizabeth.fernandez@gmail.com,07-04-1995,22.08,7/31/2016,0.99,125562,9%
848311,Flora,Decker,F,flora.decker@aol.com,8/20/1957,59.98,6/22/1995,22.12,83996,26%
774548,Shannon,Parker,F,shannon.parker@yahoo.com,12/17/1987,29.63,2/13/2011,6.46,96768,16%
611233,James,Cain,F,james.cain@gmail.com,01-04-1996,21.58,2/22/2017,0.43,184223,7%
421652,Craig,Roberts,M,craig.roberts@yahoo.co.uk,9/26/1964,52.87,10/22/2004,12.77,174547,21%
528969,Celina,Huffman,F,celina.huffman@aol.com,8/25/1977,39.95,9/15/2002,14.88,115518,20%
202408,Jimmie,Burnett,F,jimmie.burnett@microsoft.com,2/23/1995,22.44,01-01-2017,0.57,146772,8%
918148,Faye,Barrett,F,faye.barrett@sbcglobal.net,07-02-1985,32.09,11/14/2008,8.71,120502,13%
396091,Gena,Bradley,F,gena.bradley@gmail.com,2/17/1973,44.47,10-06-1999,17.82,146840,28%
808996,Deandre,Good,M,deandre.good@aol.com,6/13/1966,51.16,6/29/2007,10.09,95240,26%
752301,Garland,Ayers,M,garland.ayers@ibm.com,2/15/1971,46.48,2/27/2011,6.42,77803,12%
654102,Jerrod,Bell,M,jerrod.bell@yahoo.com,7/20/1992,25.04,11/15/2014,2.7,116822,10%
809104,Alexis,Holland,M,alexis.holland@aol.com,12/25/1979,37.62,8/17/2011,5.95,189640,23%
929548,Deidre,Barrett,F,deidre.barrett@yahoo.com,5/28/1986,31.19,4/24/2012,5.26,71568,3%
978535,Fred,Hoffman,M,fred.hoffman@microsoft.com,07-01-1970,47.11,02-10-2017,0.46,194639,17%
211729,Effie,Santana,F,effie.santana@yahoo.com,11/25/1962,54.71,08-02-1993,24,148855,15%
760573,Juliette,Mosley,F,juliette.mosley@hotmail.com,09-02-1964,52.94,01-11-2014,3.55,105923,23%
979873,Susan,Schwartz,F,susan.schwartz@gmail.com,12-11-1968,48.66,4/15/2002,15.3,165568,27%
446702,Richie,Downs,M,richie.downs@cox.net,10-12-1960,56.83,10-02-1992,24.84,104084,5%
505362,Winston,Griffin,M,winston.griffin@gmail.com,12-06-1993,23.66,2/25/2015,2.42,46181,4%
451940,Sammy,Mills,M,sammy.mills@yahoo.com,2/26/1985,32.44,5/22/2006,11.19,136951,18%
411196,Gracie,Mosley,F,gracie.mosley@yahoo.co.uk,11/29/1967,49.7,1/17/2015,2.53,143460,5%
636457,Manuel,Bentley,M,manuel.bentley@yahoo.com,10/25/1958,58.8,10-05-2014,2.81,157479,30%
262702,Roberto,Hogan,M,roberto.hogan@aol.com,5/24/1964,53.21,09-06-2003,13.9,124788,17%
422323,Wilma,Gray,F,wilma.gray@gmail.com,7/31/1963,54.03,2/23/2002,15.44,184765,23%
328389,Roderick,Perry,M,roderick.perry@gmail.com,2/27/1984,33.44,01-09-2009,8.55,149121,21%
733184,Mayra,Bowen,F,mayra.bowen@gmail.com,4/22/1972,45.3,5/20/2011,6.19,53190,27%
649821,Andres,Alexander,M,andres.alexander@yahoo.com,8/21/1982,34.96,12/23/2015,1.6,99567,26%
117956,Quentin,Carney,M,quentin.carney@gmail.com,08-05-1978,39.01,03-12-2015,2.38,194686,10%
670526,Adrian,Dunlap,F,adrian.dunlap@hotmail.com,1/16/1985,32.55,8/26/2013,3.92,196585,1%
752997,Lelia,Sawyer,F,lelia.sawyer@gmail.com,05-05-1980,37.25,7/18/2015,2.03,199120,24%
340599,Tad,Patrick,M,tad.patrick@yahoo.co.in,05-07-1977,40.25,11/24/1998,18.69,116817,22%
239415,Pansy,Macdonald,F,pansy.macdonald@gmail.com,1/19/1973,44.55,10/28/2015,1.75,97818,10%
280326,Agustin,Gentry,M,agustin.gentry@aol.com,11/27/1962,54.7,6/16/1985,32.14,182540,11%
445516,Riley,Conley,M,riley.conley@gmail.com,11-06-1991,25.74,06-10-2013,4.13,75199,29%
586177,Bernard,Leach,M,bernard.leach@sbcglobal.net,11/18/1989,27.71,12/28/2012,4.58,66743,28%
866614,Lonnie,Gonzales,M,lonnie.gonzales@aol.com,05-12-1968,49.24,02-11-2005,12.47,113546,28%
751376,Courtney,Barnes,M,courtney.barnes@ntlworld.com,07-03-1993,24.08,12-01-2014,2.66,98833,8%
196645,Eliza,Odonnell,F,eliza.odonnell@msn.com,2/15/1987,30.47,1/18/2013,4.53,155891,16%
728839,Jody,Mejia,M,jody.mejia@verizon.net,11/22/1959,57.72,09-01-2013,3.91,55958,17%
694921,Pam,Stuart,F,pam.stuart@gmail.com,1/20/1967,50.55,2/28/1990,27.43,132035,3%
719798,Trevor,Romero,M,trevor.romero@gmail.com,09-09-1982,34.91,03-12-2013,4.38,124965,23%
375797,Tamara,Perez,F,tamara.perez@aol.com,4/25/1976,41.28,12/30/2012,4.58,192689,10%
160350,Bonita,Dixon,F,bonita.dixon@gmail.com,09-02-1978,38.93,10/24/2003,13.77,119978,24%
937931,Raphael,Durham,M,raphael.durham@bp.com,04-08-1972,45.33,11-07-2010,6.73,96734,20%
155916,Rosanne,Mendoza,F,rosanne.mendoza@shell.com,9/22/1958,58.89,01-11-1980,37.57,120595,17%
905335,Ola,Hays,F,ola.hays@exxonmobil.com,12-02-1979,37.68,5/16/2014,3.2,96619,25%
502509,Genevieve,Finley,F,genevieve.finley@charter.net,11-07-1957,59.76,5/18/2003,14.21,135726,27%
563580,Lamont,Albert,M,lamont.albert@yahoo.com,04-09-1968,49.33,8/20/1995,21.95,106870,6%
433698,Margie,Vincent,F,margie.vincent@ibm.com,11-04-1974,42.76,12/22/2006,10.61,118038,27%
163351,Terrell,Sears,M,terrell.sears@yahoo.co.uk,4/27/1970,47.28,10/31/1997,19.75,60737,9%
898816,Edna,Riddle,F,edna.riddle@walmart.com,9/20/1960,56.89,10/21/2007,9.78,94034,7%
641368,Lindsey,Griffin,M,lindsey.griffin@gmail.com,11/26/1978,38.7,2/27/2004,13.42,79954,19%
177982,Lorrie,Sears,F,lorrie.sears@gmail.com,10/27/1972,44.78,1/16/1998,19.54,54762,1%
330889,Denver,Mays,M,denver.mays@charter.net,3/26/1969,48.37,07-04-2015,2.07,82632,19%
639474,Daisy,Giles,F,daisy.giles@yahoo.ca,10/30/1987,29.76,4/29/2017,0.25,92138,3%
911800,Esperanza,Wade,F,esperanza.wade@gmail.com,2/26/1970,47.45,8/28/2014,2.92,94276,24%
222807,Janice,Berg,F,janice.berg@gmail.com,5/25/1958,59.22,11-06-1981,35.75,185898,19%
516945,Helene,Gallegos,F,helene.gallegos@gmail.com,3/28/1989,28.35,12-03-2012,4.65,166924,24%
230829,Rosario,Tyson,F,rosario.tyson@gmail.com,6/25/1996,21.1,6/25/2017,0.09,46179,30%
133610,Teresa,Bowen,F,teresa.bowen@ibm.com,08-02-1986,31.01,12/24/2009,7.6,131410,9%
791967,Janna,Joseph,F,janna.joseph@gmail.com,9/29/1981,35.85,9/26/2014,2.84,96725,27%
772354,Erika,Myers,F,erika.myers@gmail.com,4/26/1975,42.28,12/13/2002,14.63,87760,0%
909265,Mohamed,Fitzgerald,M,mohamed.fitzgerald@aol.com,3/24/1959,58.39,2/20/2013,4.44,83708,25%
208763,Mohammad,Downs,M,mohammad.downs@gmail.com,11/28/1975,41.69,10/31/2013,3.74,178707,22%
679572,Felipe,Vance,M,felipe.vance@gmail.com,2/15/1962,55.48,6/18/1987,30.13,155186,4%
992569,Rusty,Moran,M,rusty.moran@aol.com,3/29/1980,37.36,6/16/2004,13.12,151325,29%
821754,Kirsten,Wolf,F,kirsten.wolf@aol.com,04-05-1961,56.35,11-09-1985,31.74,176179,2%
751897,Mercedes,Glass,F,mercedes.glass@ntlworld.com,5/29/1964,53.2,8/24/1988,28.95,51802,29%
208375,Kenya,Merrill,F,kenya.merrill@apple.com,03-01-1980,37.43,3/31/2006,11.33,124374,24%
931551,Laurence,Camacho,M,laurence.camacho@gmail.com,03-10-1989,28.4,02-01-2015,2.49,78330,10%
317525,Shirley,Potter,F,shirley.potter@yahoo.ca,1/31/1986,31.51,3/17/2013,4.37,131453,7%
993099,Ricky,Snider,M,ricky.snider@gmail.com,6/29/1959,58.12,02-12-1981,36.48,57113,26%
854776,Jerry,Jacobs,F,jerry.jacobs@gmail.com,7/28/1985,32.02,8/18/2014,2.95,55042,8%
437878,Melva,Payne,F,melva.payne@bellsouth.net,03-12-1978,39.41,3/13/2000,17.39,166520,18%
350842,Josef,Lamb,M,josef.lamb@gmail.com,12/16/1973,43.64,08-05-2004,12.99,106297,14%
125134,Ellen,Bird,F,ellen.bird@sbcglobal.net,03-01-1969,48.44,07-07-2002,15.07,94337,4%
651597,Lydia,Lindsey,F,lydia.lindsey@comcast.net,07-01-1972,45.1,9/28/2001,15.84,98099,13%
801970,Becky,Bolton,F,becky.bolton@gmail.com,8/18/1972,44.97,8/27/2015,1.92,93169,0%
217117,Edna,Petersen,F,edna.petersen@gmail.com,4/29/1958,59.29,07-07-2000,17.07,198888,20%
539548,Yong,Poole,M,yong.poole@sbcglobal.net,7/26/1982,35.03,11/26/2013,3.67,78951,18%
479754,Shannon,Singleton,F,shannon.singleton@yahoo.co.in,1/27/1960,57.54,3/23/1987,30.37,197109,5%
992197,Benny,Smith,M,benny.smith@gmail.com,9/22/1988,28.87,9/13/2013,3.87,157586,25%
844571,Rhea,Faulkner,F,rhea.faulkner@charter.net,05-09-1968,49.25,08-12-1995,21.98,81301,17%
618339,Tracy,Sparks,M,tracy.sparks@hotmail.co.uk,06-07-1989,28.16,8/18/2011,5.95,84715,10%
804360,Wilburn,Atkins,M,wilburn.atkins@btinternet.com,11/25/1972,44.7,3/25/2013,4.35,140792,3%
335435,Frank,Larson,M,frank.larson@charter.net,2/15/1975,42.48,12-11-2001,15.64,163607,26%
308129,Barton,Mullen,M,barton.mullen@apple.com,6/30/1970,47.11,11-11-2004,12.72,112027,4%
192292,Max,Barrera,M,max.barrera@shell.com,8/19/1960,56.98,02-03-1999,18.49,46171,16%
410844,Eliseo,Wilkerson,M,eliseo.wilkerson@hotmail.com,08-12-1982,34.98,2/27/2017,0.41,135526,24%
530958,Lynne,Vinson,F,lynne.vinson@hotmail.com,3/30/1988,29.35,4/25/2012,5.26,102102,9%
232194,Maude,Jackson,F,maude.jackson@sbcglobal.net,11/28/1965,51.7,7/29/2012,5,88456,17%
888196,Kathryn,Sargent,F,kathryn.sargent@aol.com,7/25/1984,33.03,03-05-2010,7.4,141141,8%
696612,Dan,William,M,dan.william@gmail.com,4/22/1966,51.3,4/19/2014,3.28,137843,30%
775434,Tanisha,Lester,F,tanisha.lester@ibm.com,12-11-1977,39.65,12-07-2001,15.65,73471,21%
860093,Kitty,Clay,F,kitty.clay@yahoo.ca,12/25/1970,46.62,1/24/2003,14.52,119388,24%
476072,Kent,Jackson,M,kent.jackson@exxonmobil.com,11-05-1974,42.76,2/21/1996,21.45,93228,22%
407160,Ashlee,Gardner,F,ashlee.gardner@gmail.com,1/13/1965,52.57,02-08-2015,2.47,186933,8%
221262,Felecia,Sparks,F,felecia.sparks@gmail.com,11/21/1962,54.72,10-08-2007,9.81,90146,2%
790187,Horace,Rasmussen,M,horace.rasmussen@gmail.com,11-11-1958,58.75,8/15/2012,4.95,97528,3%
771945,Rickie,Gilmore,M,rickie.gilmore@gmail.com,8/17/1962,54.98,10/19/1999,17.79,114318,16%
372188,Maria,Chavez,F,maria.chavez@gmail.com,05-10-1986,31.24,05-09-2017,0.22,137142,25%
657125,Michael,West,F,michael.west@aol.com,02-09-1972,45.5,12-07-1999,17.65,79089,22%
489761,Paula,Pacheco,F,paula.pacheco@rediffmail.com,11/15/1995,21.72,3/30/2017,0.33,171987,11%
651738,Rick,Sawyer,M,rick.sawyer@earthlink.net,03-09-1960,57.42,1/27/1993,24.52,127075,12%
463929,Ramiro,Rojas,M,ramiro.rojas@ntlworld.com,11-02-1984,32.76,07-06-2006,11.07,70471,18%
521878,Benny,Stephenson,M,benny.stephenson@apple.com,07-04-1986,31.09,12/23/2015,1.6,84296,23%
697802,Beryl,Nelson,F,beryl.nelson@gmail.com,03-02-1988,29.42,7/17/2010,7.04,140782,24%
842936,Bernice,Conrad,F,bernice.conrad@aol.com,5/29/1980,37.19,08-02-2002,15,147448,1%
333260,Bud,Knowles,M,bud.knowles@hotmail.com,07-07-1959,58.1,10/27/2007,9.76,109080,13%
696218,Anita,Pratt,F,anita.pratt@gmail.com,5/17/1958,59.24,1/21/2001,16.53,189291,5%
161109,Kareem,Fuentes,M,kareem.fuentes@hotmail.com,1/22/1974,43.54,10/21/2001,15.78,163337,25%
938475,Curtis,Hoover,M,curtis.hoover@gmail.com,4/28/1978,39.28,09-11-2011,5.88,67164,8%
368041,Tamika,Rosa,F,tamika.rosa@walmart.com,05-10-1973,44.25,10/25/2009,7.76,107782,28%
738794,Carmelo,Scott,M,carmelo.scott@yahoo.co.uk,10-09-1986,30.82,01-12-2011,6.55,159630,5%
703738,Rebecca,Moon,F,rebecca.moon@rediffmail.com,08-06-1987,30,12/26/2015,1.59,72982,13%
188409,Pearlie,Bryant,F,pearlie.bryant@gmail.com,07-09-1987,30.07,12/31/2008,8.58,116234,15%
206997,Donovan,Russo,M,donovan.russo@hotmail.com,11/22/1977,39.71,4/26/2000,17.27,186548,1%
677871,Robt,Ramsey,M,robt.ramsey@comcast.net,3/24/1986,31.37,6/20/2009,8.11,85402,21%
963113,Lacy,Rowe,F,lacy.rowe@gmail.com,02-12-1961,56.49,10-08-1997,19.82,169456,19%
291577,Rosemary,Vaughn,F,rosemary.vaughn@aol.com,9/24/1983,33.87,1/24/2012,5.51,85449,6%
142501,Lon,Martin,M,lon.martin@hotmail.co.uk,08-05-1988,29,10/24/2011,5.76,183005,9%
358556,Grace,Dejesus,F,grace.dejesus@yahoo.co.uk,1/25/1979,38.53,02-01-2000,17.5,103726,30%
126137,Felix,Haynes,M,felix.haynes@aol.com,08-12-1978,38.99,1/13/2003,14.55,131397,29%
409492,Beatriz,Pugh,F,beatriz.pugh@aol.com,04-12-1982,35.32,2/13/2011,6.46,188881,0%
967793,Louisa,Wallace,F,louisa.wallace@shaw.ca,06-11-1987,30.15,11/19/2009,7.69,104936,0%
790017,Aubrey,Myers,M,aubrey.myers@hotmail.com,12/27/1958,58.62,3/15/2005,12.38,161252,26%
998638,Reyna,Mccoy,F,reyna.mccoy@hotmail.com,5/22/1983,34.21,9/21/2016,0.85,48857,17%
402452,Rusty,Fletcher,M,rusty.fletcher@gmail.com,08-09-1979,37.99,07-08-2013,4.06,46383,20%
490868,Houston,Morris,M,houston.morris@verizon.net,5/19/1981,36.22,10-02-2012,4.82,142782,29%
381597,Edwardo,Stone,M,edwardo.stone@gmail.com,07-05-1988,29.08,11/13/2016,0.7,136662,26%
852587,Clifton,Langley,M,clifton.langley@verizon.net,06-07-1992,25.16,01-07-2017,0.55,55791,14%
732315,Amparo,Campos,F,amparo.campos@gmail.com,10-04-1972,44.84,01-10-2016,1.55,106090,14%
937260,Martha,Schmidt,F,martha.schmidt@aol.com,11-02-1982,34.76,3/28/2009,8.34,82136,3%
290034,Charmaine,Hawkins,F,charmaine.hawkins@yahoo.com,08-07-1984,32.99,12/31/2012,4.58,163170,22%
273325,Jayne,Thomas,F,jayne.thomas@hotmail.com,01-09-1960,57.59,03-05-1981,36.42,162559,28%
809726,Bryce,Cox,M,bryce.cox@gmail.com,11/20/1978,38.71,4/24/2004,13.27,66919,1%
575035,Beatrice,Lawson,F,beatrice.lawson@hotmail.com,3/26/1990,27.36,01-08-2017,0.55,196252,26%
211129,Alphonse,Torres,M,alphonse.torres@btinternet.com,01-07-1972,45.59,5/26/2002,15.18,191018,9%
673451,Rae,Peck,F,rae.peck@gmail.com,1/23/1992,25.53,3/15/2016,1.37,128429,3%
230226,Dona,Maxwell,F,dona.maxwell@gmail.com,10-09-1976,40.83,06-11-2014,3.13,61066,2%
673126,David,Meyer,M,david.meyer@shaw.ca,6/27/1968,49.12,11-07-2001,15.73,98537,5%
615857,Clara,Harrington,F,clara.harrington@gmail.com,11/15/1985,31.72,11/17/2006,10.7,69981,10%
251151,Harlan,Vaughan,M,harlan.vaughan@bp.com,10/29/1975,41.78,4/30/1999,18.26,174076,5%
232585,Wanda,Lester,F,wanda.lester@gmail.com,4/15/1965,52.32,6/30/1995,22.09,116510,15%
237448,Keri,Buchanan,F,keri.buchanan@hotmail.co.uk,6/16/1985,32.14,04-09-2009,8.31,195057,9%
764254,Wilfred,Charles,M,wilfred.charles@btinternet.com,3/13/1974,43.41,1/25/2017,0.5,151869,30%
837427,Lynn,Howe,M,lynn.howe@gmail.com,3/19/1989,28.38,12/16/2015,1.62,134078,10%
934912,Faye,Mercer,F,faye.mercer@yahoo.com,11/25/1982,34.7,12-01-2005,11.66,139511,28%
747004,Bennie,Melendez,M,bennie.melendez@yahoo.com,7/23/1958,59.05,07-09-1987,30.07,137031,16%
497086,Scotty,Ellis,M,scotty.ellis@hotmail.com,4/25/1973,44.29,08-05-1994,22.99,173017,4%
743314,Grady,Herman,M,grady.herman@yahoo.ca,06-10-1969,48.16,8/25/1990,26.94,89423,14%
570767,Eula,Aguirre,F,eula.aguirre@exxonmobil.com,3/28/1971,46.37,04-08-2002,15.32,97109,4%
445556,Nita,Adams,F,nita.adams@hotmail.com,02-02-1986,31.5,08-11-2009,7.97,193337,10%
471961,Zachery,Harvey,M,zachery.harvey@walmart.com,6/13/1971,46.16,05-11-2005,12.22,96795,9%
273769,Scot,Faulkner,M,scot.faulkner@bp.com,5/22/1966,51.22,5/25/2001,16.19,80002,17%
280832,Mia,Joseph,F,mia.joseph@hotmail.co.uk,6/20/1989,28.12,6/16/2017,0.12,79628,9%
411066,Hung,Herman,M,hung.herman@gmail.com,12/13/1976,40.65,11-08-2014,2.72,103007,18%
843879,Genevieve,Bradshaw,F,genevieve.bradshaw@gmail.com,03-04-1967,50.44,11-10-1990,26.73,196104,16%
352677,Alec,Brown,M,alec.brown@cox.net,3/17/1967,50.4,12-10-2006,10.64,177116,0%
237902,Pasquale,Knight,M,pasquale.knight@yahoo.co.uk,12/15/1960,56.65,12/24/1992,24.61,83170,23%
180696,Sheri,Whitley,F,sheri.whitley@bp.com,12-06-1981,35.67,08-05-2012,4.98,47731,9%
168016,Mauro,Marshall,M,mauro.marshall@gmail.com,11/23/1988,28.7,05-02-2010,7.24,55874,25%
481176,Cristina,Grimes,F,cristina.grimes@yahoo.com,10-07-1993,23.82,9/23/2015,1.85,115968,16%
438561,Raul,Frost,M,raul.frost@hotmail.com,7/28/1965,52.04,02-02-2009,8.49,152121,16%
709146,Amparo,Dixon,F,amparo.dixon@charter.net,05-11-1979,38.24,3/27/2014,3.34,64356,7%
746945,Efrain,Carney,M,efrain.carney@yahoo.com,6/17/1958,59.15,12/15/2014,2.62,175570,12%
473773,Stacey,Workman,M,stacey.workman@gmail.com,3/26/1966,51.38,4/23/1994,23.28,88171,22%
828174,Leon,Mcgowan,M,leon.mcgowan@hotmail.com,05-11-1986,31.24,9/29/2007,9.84,81646,2%
438094,Vonda,Johns,F,vonda.johns@aol.com,07-09-1972,45.08,8/22/2006,10.94,137384,6%
866744,Jorge,Wright,M,jorge.wright@cox.net,6/14/1983,34.15,8/18/2016,0.94,91684,24%
638900,Brandy,Bean,F,brandy.bean@ntlworld.com,5/20/1995,22.21,09-11-2016,0.88,134242,27%
759226,Lakeisha,Bowman,F,lakeisha.bowman@hotmail.com,12/30/1967,49.61,2/21/1989,28.45,120192,2%
476750,Ernestine,Lambert,F,ernestine.lambert@msn.com,3/13/1970,47.41,10-02-2009,7.82,171471,9%
588664,Julius,Gardner,M,julius.gardner@btinternet.com,12-02-1986,30.67,6/20/2012,5.11,60243,17%
403910,Naomi,Jacobs,F,naomi.jacobs@hotmail.com,5/14/1973,44.24,7/25/2000,17.02,56103,21%
449655,Sydney,Frederick,M,sydney.frederick@bellsouth.net,03-07-1992,25.41,11-10-2016,0.71,111989,17%
226863,Clifton,Tyson,M,clifton.tyson@gmail.com,2/23/1967,50.46,07-08-1993,24.07,163933,13%
651910,Consuelo,Hamilton,F,consuelo.hamilton@gmail.com,9/29/1960,56.87,5/30/2006,11.17,59303,22%
717861,Aldo,Jarvis,M,aldo.jarvis@aol.com,12/14/1982,34.64,8/20/2008,8.94,169588,20%
885624,Deidre,Anthony,F,deidre.anthony@yahoo.co.uk,4/28/1985,32.27,3/13/2014,3.38,119545,10%
341048,Maura,Delaney,F,maura.delaney@yahoo.com,8/17/1963,53.98,12-02-1999,17.67,97239,7%
709748,Claudine,Landry,F,claudine.landry@cox.net,02-07-1985,32.49,6/29/2016,1.08,111452,8%
454287,Silvia,Ortega,F,silvia.ortega@hotmail.com,3/25/1966,51.38,04-01-2001,16.33,176930,15%
390973,Gilda,Dillon,F,gilda.dillon@msn.com,11/17/1971,45.73,1/22/1998,19.53,126153,19%
570009,Mai,Jennings,F,mai.jennings@gmail.com,11-04-1984,32.75,02-01-2007,10.49,191519,2%
454506,Cecilia,Dawson,F,cecilia.dawson@yahoo.com,2/19/1975,42.47,6/21/1999,18.12,166310,25%
147313,Wilburn,Rowe,M,wilburn.rowe@yahoo.com,12/13/1977,39.65,10/31/2015,1.74,159272,25%
307771,Delbert,Cooley,M,delbert.cooley@shell.com,11/27/1976,40.69,5/17/2016,1.2,98383,29%
498653,Vincent,Case,M,vincent.case@yahoo.com,7/19/1983,34.05,10-08-2007,9.81,77053,13%
964798,Orlando,Wilkerson,M,orlando.wilkerson@hotmail.com,04-05-1973,44.34,12/20/2009,7.61,183026,24%
616656,Isiah,Hubbard,M,isiah.hubbard@hotmail.com,2/28/1971,46.44,04-02-2012,5.32,169164,1%
232425,Jeanine,Ratliff,F,jeanine.ratliff@gmail.com,8/14/1967,49.99,12/22/2014,2.6,88590,9%
504422,Damien,Middleton,M,damien.middleton@bp.com,06-06-1976,41.17,07-01-1999,18.09,86783,15%
941632,Fern,Burris,F,fern.burris@aol.com,10/15/1973,43.81,11-02-2003,13.75,92781,14%
925954,Katy,Glass,F,katy.glass@charter.net,08-09-1972,45,12/13/2006,10.63,183060,21%
585128,Nikki,Bean,F,nikki.bean@gmail.com,10/14/1989,27.81,6/17/2011,6.12,57409,15%
271180,Norris,Alvarez,M,norris.alvarez@charter.net,8/29/1985,31.93,9/25/2011,5.84,188804,27%
277858,Reinaldo,Eaton,M,reinaldo.eaton@gmail.com,5/20/1981,36.21,6/24/2009,8.1,121290,23%
118882,Eddie,Irwin,M,eddie.irwin@hotmail.com,04-08-1985,32.33,8/20/2011,5.94,93822,23%
957082,Denise,Swanson,F,denise.swanson@aol.com,05-06-1992,25.24,4/29/2017,0.25,56255,24%
191995,Sasha,Beard,F,sasha.beard@gmail.com,06-05-1980,37.17,10-02-2004,12.83,78867,25%
294276,Josh,Tucker,M,josh.tucker@hotmail.com,7/28/1991,26.02,3/19/2016,1.36,191297,23%
955260,Rodger,Roach,M,rodger.roach@apple.com,11/25/1968,48.7,11/15/1993,23.72,63217,14%
457714,Miles,Mcdaniel,M,miles.mcdaniel@gmail.com,10/29/1963,53.78,07-07-2011,6.06,129827,24%
327467,Erin,French,F,erin.french@hotmail.com,5/18/1974,43.22,08-10-2012,4.97,112881,15%
642418,Rosalind,Booth,F,rosalind.booth@shaw.ca,04-04-1971,46.35,01-12-1998,19.55,165075,26%
536053,Lenard,Conner,M,lenard.conner@gmail.com,06-04-1976,41.18,05-09-2017,0.22,114421,7%
950796,Wilson,Mcmillan,M,wilson.mcmillan@msn.com,10/17/1990,26.8,01-05-2015,2.56,98600,22%
475176,Harley,Murphy,M,harley.murphy@yahoo.com,2/23/1967,50.46,10/25/2008,8.76,199411,15%
873985,Carrie,Ramsey,F,carrie.ramsey@gmail.com,2/20/1995,22.45,03-01-2017,0.41,126933,29%
706151,Esteban,Finch,M,esteban.finch@walmart.com,7/23/1978,39.04,05-02-2013,4.24,84511,24%
734991,Merle,Martin,M,merle.martin@gmail.com,7/23/1965,52.05,05-01-2016,1.24,181338,16%
461350,Joanna,Rodriquez,F,joanna.rodriquez@gmail.com,11-09-1963,53.75,10/28/1987,29.77,172175,23%
454745,Cyrus,Gardner,M,cyrus.gardner@gmail.com,5/13/1992,25.22,12/22/2013,3.6,65708,3%
901588,Mariana,Mcneil,F,mariana.mcneil@aol.com,3/25/1961,56.38,2/18/1984,33.46,96974,22%
891083,Fletcher,Hardin,M,fletcher.hardin@btinternet.com,5/24/1995,22.19,09-10-2016,0.88,57579,27%
654747,Edwin,Brock,M,edwin.brock@gmail.com,08-05-1994,22.99,10/30/2015,1.75,42553,19%
778415,Noreen,Bray,F,noreen.bray@gmail.com,11/23/1960,56.72,3/26/1988,29.36,77269,3%
996768,Ollie,Woods,M,ollie.woods@aol.com,1/26/1984,33.53,8/30/2014,2.91,114205,3%
295864,Cleveland,Kirkland,M,cleveland.kirkland@gmail.com,4/22/1993,24.28,6/22/2016,1.1,50146,22%
924999,Arron,Olsen,M,arron.olsen@shaw.ca,01-01-1978,39.6,7/28/2009,8.01,132077,5%
291663,Elijah,Garrison,M,elijah.garrison@gmail.com,01-01-1987,30.59,5/20/2014,3.19,127017,18%
818352,Allie,Landry,F,allie.landry@ntlworld.com,01-07-1966,51.59,09-05-2006,10.9,170000,18%
636018,Janie,Cooke,F,janie.cooke@gmail.com,05-12-1970,47.24,8/27/2012,4.92,107644,19%
712045,Shelia,Conrad,F,shelia.conrad@ibm.com,8/15/1974,42.98,5/13/2001,16.22,124937,21%
507999,Aida,Banks,F,aida.banks@yahoo.com,11/29/1991,25.68,9/23/2013,3.85,172384,12%
770255,Lora,Wheeler,F,lora.wheeler@gmail.com,09-01-1977,39.93,10/31/2012,4.74,162065,11%
977573,Fritz,Gross,M,fritz.gross@ibm.com,03-12-1977,40.41,2/29/2004,13.42,106956,5%
206695,Natalie,Ellison,F,natalie.ellison@bp.com,07-06-1972,45.09,6/22/2008,9.1,80478,22%
688327,Eliseo,Berry,M,eliseo.berry@apple.com,2/28/1985,32.43,08-10-2011,5.97,165331,25%
903098,Philip,Mcbride,M,philip.mcbride@outlook.com,11/25/1987,29.69,5/26/2017,0.17,164512,27%
557561,Kay,Travis,F,kay.travis@yahoo.co.in,8/14/1967,49.99,8/20/1994,22.95,195749,13%
864516,Liliana,Donovan,F,liliana.donovan@hotmail.com,9/18/1984,32.88,06-08-2007,10.15,45702,27%
743727,Elise,Kidd,F,elise.kidd@hotmail.com,2/24/1967,50.46,2/24/1989,28.44,94854,22%
205865,Tabitha,Baird,F,tabitha.baird@cox.net,05-03-1961,56.27,01-01-2002,15.58,140358,10%
909024,Barney,Guerrero,M,barney.guerrero@gmail.com,01-02-1974,43.6,9/24/2006,10.85,54968,1%
808609,Myrtle,Riggs,F,myrtle.riggs@shaw.ca,10-10-1990,26.82,1/16/2017,0.53,187768,12%
804895,Frederick,Mckay,M,frederick.mckay@gmail.com,08-09-1987,29.99,04-09-2013,4.3,69477,6%
564246,Debora,Hinton,F,debora.hinton@hotmail.com,10-01-1994,22.84,9/20/2016,0.85,174027,23%
208230,Merlin,Meyers,M,merlin.meyers@gmail.com,11/14/1970,46.73,12/25/2009,7.59,121345,8%
232387,Celia,Huffman,F,celia.huffman@rediffmail.com,3/13/1995,22.39,04-08-2016,1.3,166489,19%
124923,Tina,Cabrera,F,tina.cabrera@gmail.com,03-12-1970,47.41,06-09-1999,18.15,119758,6%
274518,Kelsey,Brown,F,kelsey.brown@gmail.com,10-09-1985,31.82,11/29/2009,7.67,103848,4%
288568,Danny,Shaw,M,danny.shaw@gmail.com,4/27/1972,45.28,8/14/1997,19.97,129888,10%
802355,Dena,Gomez,F,dena.gomez@aol.com,12/30/1968,48.61,05-12-1999,18.22,146837,24%
648744,Edmund,Blankenship,M,edmund.blankenship@yahoo.com,11-11-1965,51.75,3/22/2017,0.35,40783,20%
224106,Hershel,Cain,M,hershel.cain@walmart.com,03-08-1964,53.42,04-06-1986,31.33,154559,30%
543320,Lawanda,Whitehead,F,lawanda.whitehead@earthlink.net,7/29/1973,44.03,02-11-2013,4.46,96388,6%
838662,Sophia,Gregory,F,sophia.gregory@sbcglobal.net,02-11-1986,31.48,11-03-2012,4.73,91439,6%
138130,Lauren,Mcgee,F,lauren.mcgee@gmail.com,06-12-1977,40.15,4/25/2014,3.26,74674,19%
516579,Guy,Rutledge,M,guy.rutledge@hotmail.com,6/28/1994,23.1,02-06-2016,1.47,169802,27%
939556,Kurt,Oconnor,M,kurt.oconnor@hotmail.co.uk,6/20/1970,47.14,03-12-2002,15.39,59917,11%
495659,Mallory,Pearson,F,mallory.pearson@aol.com,1/22/1970,47.55,1/17/1993,24.54,53077,13%
630030,Louisa,Nelson,F,louisa.nelson@aol.com,2/28/1979,38.44,9/30/2005,11.83,193080,1%
874431,Diego,Huffman,M,diego.huffman@hotmail.com,07-10-1961,56.09,03-03-1998,19.42,164626,16%
809793,Louisa,Ellison,F,louisa.ellison@yahoo.co.uk,12-05-1978,38.67,8/13/2004,12.96,185330,30%
942454,Josue,Cross,M,josue.cross@shell.com,3/31/1986,31.35,3/26/2011,6.35,187192,1%
228229,Ines,Dominguez,F,ines.dominguez@sbcglobal.net,1/20/1975,42.55,1/27/2010,7.5,59681,2%
375190,Lance,Garza,M,lance.garza@verizon.net,9/22/1979,37.87,8/18/2003,13.95,117985,30%
532560,Belinda,Pace,F,belinda.pace@yahoo.com,07-07-1976,41.08,07-11-2009,8.05,105760,9%
210135,Gracie,Herring,F,gracie.herring@shaw.ca,8/20/1988,28.96,10/20/2013,3.77,164379,11%
228355,Benito,Knapp,M,benito.knapp@aol.com,7/15/1979,38.06,2/16/2004,13.45,152692,20%
965308,Lucinda,Mcgowan,F,lucinda.mcgowan@gmail.com,11/15/1983,33.72,7/15/2017,0.04,125241,0%
768500,Jami,Golden,F,jami.golden@gmail.com,11/21/1960,56.72,1/21/1985,32.54,65123,9%
816768,David,Gutierrez,M,david.gutierrez@gmail.com,2/19/1995,22.45,01-04-2017,0.56,62888,15%
909541,Clement,Myers,M,clement.myers@earthlink.net,11/26/1958,58.71,6/20/1983,34.13,47356,6%
529604,Shane,Porter,M,shane.porter@hotmail.co.uk,06-07-1982,35.16,04-08-2014,3.31,110662,25%
140932,Clint,Gross,M,clint.gross@microsoft.com,4/20/1969,48.3,5/21/2000,17.2,180618,17%
725731,Ofelia,Pickett,F,ofelia.pickett@hotmail.com,2/27/1990,27.43,5/25/2013,4.18,181131,21%
214985,Karina,Green,F,karina.green@yahoo.ca,10-03-1967,49.85,01-12-2006,11.55,98449,22%
405156,Sam,Burris,M,sam.burris@cox.net,2/16/1960,57.48,11-10-1986,30.73,59921,3%
249736,Lina,Shannon,F,lina.shannon@bp.com,2/17/1981,36.47,4/14/2010,7.29,65222,14%
526273,Myles,Coleman,M,myles.coleman@gmail.com,02-03-1983,34.5,01-07-2011,6.56,90170,0%
654723,Clay,Freeman,M,clay.freeman@gmail.com,08-09-1973,44,04-12-2011,6.3,122778,29%
672964,Catalina,Guthrie,F,catalina.guthrie@aol.com,5/13/1975,42.24,1/23/2000,17.52,132600,3%
240799,Nannie,Moon,F,nannie.moon@gmail.com,5/19/1976,41.22,7/24/2009,8.02,90196,15%
169618,Donovan,Serrano,M,donovan.serrano@btinternet.com,10/16/1988,28.8,5/15/2013,4.21,126226,0%
430633,Sondra,Reyes,F,sondra.reyes@yahoo.co.uk,4/18/1993,24.29,07-06-2016,1.06,41680,0%
116286,Terrance,Duke,M,terrance.duke@microsoft.com,11-02-1984,32.76,6/22/2013,4.1,174683,6%
486573,Colleen,Rodriguez,F,colleen.rodriguez@cox.net,2/13/1994,23.47,4/28/2015,2.25,127580,28%
371751,Thad,Luna,M,thad.luna@gmail.com,2/22/1969,48.46,04-02-2007,10.33,43176,28%
783654,Terence,Clay,M,terence.clay@outlook.com,7/24/1995,22.03,11/30/2016,0.66,83525,30%
845635,Bettie,Holman,F,bettie.holman@hotmail.co.uk,12/24/1979,37.62,05-12-2013,4.21,71063,15%
266624,Boyd,Greer,M,boyd.greer@yahoo.co.in,1/30/1996,21.51,4/13/2017,0.29,92696,22%
682855,Corey,Edwards,M,corey.edwards@gmail.com,6/19/1969,48.14,11/18/1990,26.71,105054,28%
229899,Violet,Lindsay,F,violet.lindsay@charter.net,6/25/1959,58.13,5/19/2013,4.19,66212,4%
701561,Camille,Mullins,F,camille.mullins@yahoo.com,06-03-1967,50.19,07-12-2001,16.05,138040,25%
114862,Nicole,Rodriquez,F,nicole.rodriquez@gmail.com,02-01-1964,53.52,1/15/2002,15.54,46648,20%
445650,Joan,Bauer,M,joan.bauer@yahoo.com,1/28/1982,35.52,08-12-2013,3.96,138548,22%
574544,Kennith,Marquez,M,kennith.marquez@aol.com,12-09-1971,45.67,08-01-1994,23.01,159674,2%
990758,Mae,Hurst,F,mae.hurst@gmail.com,07-08-1988,29.07,2/19/2010,7.44,115818,29%
833424,Denver,Mann,M,denver.mann@exxonmobil.com,07-08-1958,59.1,12/22/1987,29.62,178822,21%
864834,Milford,Dickerson,M,milford.dickerson@gmail.com,10/26/1965,51.79,12-03-1999,17.66,65505,16%
703495,Marva,Phelps,F,marva.phelps@hotmail.com,04-03-1974,43.35,10-05-2015,1.81,88373,7%
222179,Betsy,Dillon,F,betsy.dillon@msn.com,12-04-1982,34.67,07-11-2014,3.05,121009,1%
951011,Celeste,Ramirez,F,celeste.ramirez@aol.com,11/30/1981,35.68,2/22/2015,2.43,189382,20%
187639,Tonya,Burke,F,tonya.burke@aol.com,6/13/1982,35.15,08-04-2015,1.98,155427,25%
375051,Deana,Spencer,F,deana.spencer@hotmail.com,7/30/1976,41.02,10-09-2000,16.81,133805,23%
509810,Susanne,Joseph,F,susanne.joseph@gmail.com,12/25/1963,53.63,7/28/1985,32.02,199131,12%
625661,Cole,Spencer,M,cole.spencer@yahoo.com,6/17/1959,58.15,4/25/2003,14.27,151776,5%
662168,Marlon,Whitaker,M,marlon.whitaker@aol.com,04-10-1982,35.32,4/19/2008,9.28,197971,0%
678244,Trudy,Frazier,F,trudy.frazier@rediffmail.com,06-05-1960,57.18,04-02-2007,10.33,96992,12%
864339,Tania,May,F,tania.may@hotmail.com,04-03-1960,57.36,1/16/1985,32.55,77106,7%
436424,Leonel,Guerrero,M,leonel.guerrero@exxonmobil.com,05-05-1992,25.25,07-06-2014,3.06,135232,20%
606834,Nadia,Stokes,F,nadia.stokes@gmail.com,7/20/1979,38.05,10-03-2005,11.82,155452,24%
268942,Cody,Dillard,M,cody.dillard@gmail.com,2/21/1976,41.46,05-09-2001,16.23,60994,25%
484822,Megan,Fry,F,megan.fry@gmail.com,1/19/1996,21.54,5/23/2017,0.18,75765,4%
397241,Darla,Durham,F,darla.durham@microsoft.com,6/26/1987,30.11,11/26/2012,4.67,187262,25%
924252,Cecile,Ross,F,cecile.ross@bp.com,01-04-1994,23.58,10/22/2016,0.76,55341,0%
717079,Helene,Franco,F,helene.franco@shell.com,6/25/1967,50.13,01-07-2002,15.56,73397,3%
494794,Vernon,Buchanan,M,vernon.buchanan@gmail.com,12/17/1993,23.63,05-10-2015,2.22,142346,9%
970841,Marva,Santiago,F,marva.santiago@gmail.com,10/27/1988,28.77,08-06-2012,4.98,196155,9%
281794,Yvette,Bentley,F,yvette.bentley@hotmail.com,5/30/1992,25.18,11/30/2015,1.66,82765,28%
520539,Derick,Daugherty,M,derick.daugherty@hotmail.com,12/31/1985,31.59,3/24/2007,10.35,188821,19%
567269,Fay,Villarreal,F,fay.villarreal@yahoo.com,04-04-1989,28.33,11/29/2012,4.66,42988,11%
749292,Deanna,Wilkins,F,deanna.wilkins@ibm.com,12/18/1962,54.65,5/29/2016,1.16,113482,16%
292144,Augusta,Andrews,F,augusta.andrews@gmail.com,12/16/1985,31.64,10-03-2013,3.82,73007,7%
896825,Erna,Tran,F,erna.tran@gmail.com,09-07-1976,40.92,11/18/2009,7.7,71415,27%
216408,Luther,Short,M,luther.short@gmail.com,6/13/1993,24.14,04-09-2017,0.3,75243,8%
579003,Curtis,Williamson,M,curtis.williamson@hotmail.com,7/21/1974,43.05,10/26/2013,3.76,56599,27%
249410,Yvette,Rivers,F,yvette.rivers@ibm.com,11-09-1971,45.75,1/13/2006,11.55,164007,27%
241389,Walter,Velez,M,walter.velez@gmail.com,4/21/1992,25.28,03-08-2016,1.39,77362,27%
311405,Christa,Wilkins,F,christa.wilkins@verizon.net,10/25/1974,42.79,5/15/2011,6.21,60566,19%
796832,Milton,Neal,M,milton.neal@gmail.com,12-04-1971,45.68,6/29/2003,14.09,131141,3%
976347,Kimberly,Harmon,F,kimberly.harmon@gmail.com,10-06-1991,25.83,07-08-2015,2.06,48858,25%
363748,Lemuel,Houston,M,lemuel.houston@charter.net,1/22/1979,38.54,12-09-2014,2.64,137375,20%
368157,Marcie,Weiss,F,marcie.weiss@yahoo.com,10/22/1994,22.78,10/21/2016,0.77,136817,28%
466203,Bart,Whitaker,M,bart.whitaker@hotmail.com,6/23/1962,55.13,2/17/2007,10.45,133522,25%
893798,Patrice,Koch,F,patrice.koch@shaw.ca,5/19/1995,22.21,07-11-2016,1.05,188317,1%
501368,Xavier,Mcintosh,M,xavier.mcintosh@gmail.com,12-10-1990,26.65,8/22/2014,2.93,119198,28%
507594,Lidia,Rojas,F,lidia.rojas@yahoo.com,09-06-1993,23.91,4/22/2016,1.27,150763,13%
390989,Essie,Bridges,F,essie.bridges@yahoo.co.uk,3/13/1993,24.39,11/26/2015,1.67,93441,19%
312364,Sondra,Stephens,F,sondra.stephens@msn.com,11-11-1976,40.74,1/24/2001,16.52,183288,0%
444670,Monte,Contreras,M,monte.contreras@gmail.com,5/14/1975,42.24,10/19/1998,18.79,70105,8%
969572,Ernesto,Moreno,M,ernesto.moreno@hotmail.com,11/27/1965,51.7,2/16/2006,11.45,50579,1%
129405,Ismael,Ellis,M,ismael.ellis@charter.net,04-10-1975,42.33,8/23/2000,16.94,56375,1%
612960,Elijah,Hopkins,M,elijah.hopkins@aol.com,4/26/1994,23.27,11/13/2016,0.7,67336,2%
328690,Leigh,Mccall,F,leigh.mccall@gmail.com,7/18/1987,30.05,7/27/2008,9.01,179405,8%
960091,Genaro,Stafford,M,genaro.stafford@yahoo.com,8/17/1979,37.97,10/16/2000,16.79,158345,18%
563448,Lucy,Hinton,F,lucy.hinton@yahoo.com,5/24/1976,41.21,12/23/1998,18.61,66085,1%
982922,Bernadette,Glass,F,bernadette.glass@hotmail.com,5/24/1994,23.19,1/29/2016,1.5,199184,16%
646972,Lee,Peck,M,lee.peck@gmail.com,02-10-1976,41.49,06-05-2009,8.15,140934,2%
387407,Damian,Ellison,M,damian.ellison@gmail.com,4/26/1962,55.29,09-02-2010,6.91,42547,5%
468347,Dusty,Hendricks,M,dusty.hendricks@gmail.com,06-04-1967,50.18,10-08-2013,3.81,187112,18%
707678,Katina,Wynn,F,katina.wynn@gmail.com,9/13/1987,29.89,3/21/2015,2.36,75205,12%
709899,Clair,Morris,M,clair.morris@gmail.com,07-07-1958,59.1,12/13/1981,35.65,155562,5%
931481,Ernesto,Short,M,ernesto.short@hotmail.com,02-03-1993,24.5,6/25/2015,2.09,150578,27%
415337,Frankie,Wiggins,F,frankie.wiggins@gmail.com,10/24/1958,58.8,02-12-1990,27.47,87276,18%
795746,Angelique,Guy,F,angelique.guy@hotmail.com,4/23/1990,27.28,7/20/2012,5.02,61936,2%
880808,Marcelino,Tanner,M,marcelino.tanner@gmail.com,7/25/1962,55.05,02-10-2009,8.47,53688,11%
224527,Tony,Weiss,M,tony.weiss@aol.com,5/29/1971,46.2,10/28/1993,23.76,121236,27%
674436,Lenard,Cardenas,M,lenard.cardenas@yahoo.co.uk,02-06-1981,36.5,11/18/2008,8.7,100184,0%
492623,Aurora,Gray,F,aurora.gray@gmail.com,4/29/1965,52.28,1/18/1988,29.55,128566,20%
589874,Manuela,Koch,F,manuela.koch@aol.com,12/13/1967,49.66,9/21/2009,7.85,57746,2%
476018,Jean,Mclean,F,jean.mclean@walmart.com,05-04-1987,30.25,5/28/2011,6.17,177228,14%
228339,Barbra,Sutton,F,barbra.sutton@ibm.com,07-01-1987,30.1,9/28/2012,4.83,87718,10%
239118,Deann,Mccormick,F,deann.mccormick@yahoo.co.uk,04-12-1959,58.33,06-04-1988,29.17,59439,28%
125780,Reba,Browning,F,reba.browning@hotmail.com,9/19/1964,52.89,10/22/1993,23.78,144698,27%
431018,Rickie,Alston,M,rickie.alston@gmail.com,4/13/1990,27.31,3/17/2015,2.37,157663,15%
452967,Lyman,Reeves,M,lyman.reeves@yahoo.com,04-10-1990,27.32,1/19/2017,0.52,102546,2%
407464,Deon,Quinn,M,deon.quinn@gmail.com,9/19/1965,51.89,11/25/2007,9.68,186558,10%
871827,Israel,Mccarthy,M,israel.mccarthy@outlook.com,10-05-1972,44.84,01-11-2001,16.55,88536,6%
884068,Moises,Berger,M,moises.berger@shell.com,05-06-1964,53.26,06-10-2006,11.14,190560,9%
131361,Jerri,Douglas,F,jerri.douglas@yahoo.com,05-03-1963,54.27,02-06-1994,23.49,130614,22%
259652,Bradley,Nieves,M,bradley.nieves@gmail.com,09-02-1983,33.93,02-02-2005,12.49,82080,11%
430932,Romeo,Foster,M,romeo.foster@shell.com,05-05-1983,34.25,01-07-2005,12.56,182789,10%
637522,Leopoldo,Mcgee,M,leopoldo.mcgee@gmail.com,10/25/1986,30.78,4/28/2017,0.25,125341,13%
467568,Andrea,Crawford,M,andrea.crawford@exxonmobil.com,8/23/1978,38.96,09-02-2009,7.91,193651,30%
683539,Charley,Daniel,M,charley.daniel@yahoo.com,03-08-1959,58.43,4/30/2014,3.25,170822,3%
417301,Carolyn,Butler,F,carolyn.butler@yahoo.com,08-02-1978,39.01,3/27/2006,11.35,83011,26%
682104,Gracie,Stanley,F,gracie.stanley@gmail.com,10/24/1974,42.79,11/20/2005,11.69,125339,27%
544977,Jerrold,Sweet,M,jerrold.sweet@gmail.com,11-01-1991,25.76,10/23/2015,1.76,171667,30%
928962,Joshua,Small,M,joshua.small@gmail.com,9/17/1960,56.9,8/20/2001,15.95,182752,4%
248088,Kristy,Jordan,F,kristy.jordan@hotmail.com,12/15/1989,27.64,03-06-2013,4.4,89291,27%
599683,Spencer,Williams,M,spencer.williams@hotmail.com,08-09-1977,39.99,4/29/2014,3.25,180288,22%
117980,Ashley,Ochoa,F,ashley.ochoa@shell.com,8/24/1978,38.95,3/24/2015,2.35,145452,2%
899405,Rocco,Wall,M,rocco.wall@gmail.com,10-02-1964,52.85,05-07-1994,23.24,45497,15%
935067,Sonny,Carey,M,sonny.carey@gmail.com,10/27/1961,55.79,5/20/2008,9.19,68748,2%
521604,Erich,Goodman,M,erich.goodman@gmail.com,04-03-1962,55.36,11/27/1986,30.69,138832,15%
848091,Mack,Massey,M,mack.massey@shaw.ca,5/15/1993,24.22,4/16/2016,1.28,139079,20%
999219,Vicky,Burgess,F,vicky.burgess@hotmail.com,04-06-1992,25.33,05-02-2017,0.24,176844,2%
209627,Willa,Hensley,F,willa.hensley@gmail.com,11-01-1965,51.77,9/28/2003,13.84,178032,17%
642586,Reva,Morales,F,reva.morales@yahoo.com,12/27/1988,28.6,3/13/2011,6.38,101018,16%
651163,Ina,Cummings,F,ina.cummings@gmail.com,6/22/1993,24.12,4/29/2016,1.25,62401,9%
425289,Kristi,Monroe,F,kristi.monroe@gmail.com,3/26/1972,45.37,6/16/2006,11.12,57227,6%
314444,Danial,Carpenter,M,danial.carpenter@msn.com,7/26/1986,31.03,04-01-2012,5.33,185825,5%
956821,Benita,Duncan,F,benita.duncan@gmail.com,11/17/1957,59.73,12-08-1985,31.66,50803,26%
711278,Dwayne,Kim,M,dwayne.kim@ibm.com,01-04-1976,41.59,2/27/2009,8.42,173554,5%
125371,Lorrie,Rocha,F,lorrie.rocha@aol.com,1/16/1995,22.55,12/21/2016,0.6,42245,15%
906259,Juliana,Hines,F,juliana.hines@gmail.com,12/15/1979,37.64,4/21/2007,10.28,115340,0%
327429,Mac,Mcleod,M,mac.mcleod@gmail.com,02-05-1979,38.5,6/14/2003,14.13,168548,22%
272413,Bryce,Bonner,M,bryce.bonner@gmail.com,2/13/1958,59.49,03-03-2008,9.41,141453,20%
645306,Guadalupe,Holcomb,M,guadalupe.holcomb@hotmail.com,2/27/1981,36.44,12/27/2013,3.59,175151,24%
180869,Jacob,Cherry,M,jacob.cherry@yahoo.co.in,10-04-1970,46.85,8/15/2014,2.95,126821,4%
222563,Jeanette,Rivera,F,jeanette.rivera@aol.com,09-03-1963,53.94,5/22/2002,15.19,63519,15%
541221,Jefferson,Holt,M,jefferson.holt@yahoo.ca,7/17/1996,21.04,7/15/2017,0.04,68295,7%
198476,Dillon,Dunn,M,dillon.dunn@yahoo.ca,6/18/1973,44.14,5/25/1999,18.19,159350,21%
664807,Bertie,Slater,F,bertie.slater@gmail.com,02-03-1994,23.5,01-05-2017,0.56,120043,21%
673745,Hannah,Cooper,F,hannah.cooper@shaw.ca,10-04-1993,23.83,11/13/2015,1.71,126393,9%
812026,Jon,Mcneil,M,jon.mcneil@hotmail.com,3/22/1973,44.38,01-01-2008,9.58,112059,21%
957459,Caitlin,Mann,F,caitlin.mann@hotmail.com,11-05-1961,55.76,9/29/1990,26.85,170909,0%
118109,Doris,Giles,F,doris.giles@aol.com,01-03-1959,58.61,10-08-2000,16.81,176813,2%
900863,Barbra,Hobbs,F,barbra.hobbs@outlook.com,05-09-1991,26.24,10-06-2013,3.81,41746,14%
147382,Hung,Witt,M,hung.witt@apple.com,08-06-1965,52.01,7/25/1998,19.02,149006,12%
456816,Adele,Scott,F,adele.scott@yahoo.com,8/29/1980,36.94,3/27/2012,5.34,111047,17%
437096,Stella,Guy,F,stella.guy@btinternet.com,10/13/1979,37.82,3/31/2016,1.33,83468,17%
159397,Clement,Lancaster,M,clement.lancaster@charter.net,8/13/1971,45.99,01-04-2005,12.57,60567,26%
169739,Rosetta,Decker,F,rosetta.decker@bp.com,04-03-1993,24.33,04-07-2016,1.31,116175,2%
995863,Caleb,Poole,M,caleb.poole@hotmail.com,4/19/1972,45.3,06-09-2004,13.14,178642,11%
779374,Dudley,Elliott,M,dudley.elliott@yahoo.com,09-08-1966,50.92,04-01-1996,21.34,173380,28%
587639,Barbara,Palmer,F,barbara.palmer@yahoo.com,06-07-1984,33.16,4/23/2014,3.27,72749,18%
964222,Alana,Henderson,F,alana.henderson@gmail.com,6/15/1959,58.16,11/17/1987,29.72,73888,17%
597006,Hazel,Case,F,hazel.case@aol.com,08-03-1962,55.02,10-07-1987,29.83,42726,28%
688836,Erich,Lyons,M,erich.lyons@gmail.com,3/31/1996,21.34,4/27/2017,0.25,129446,17%
498361,Elise,Zimmerman,F,elise.zimmerman@gmail.com,12/26/1977,39.61,8/14/2007,9.96,159589,3%
759183,Mauro,Fernandez,M,mauro.fernandez@gmail.com,06-09-1982,35.16,5/20/2011,6.19,148251,0%
186298,Luisa,Mcintyre,F,luisa.mcintyre@outlook.com,05-06-1963,54.27,7/19/1992,25.04,134990,22%
776211,Duane,Lowery,M,duane.lowery@aol.com,12-12-1979,37.65,6/29/2003,14.09,66599,22%
337146,Weldon,Hyde,M,weldon.hyde@gmail.com,2/18/1974,43.47,8/27/2006,10.93,66293,5%
273427,Ilene,Head,F,ilene.head@apple.com,03-06-1986,31.42,8/25/2007,9.93,193647,12%
329548,Phil,Montgomery,M,phil.montgomery@btinternet.com,11/13/1991,25.72,7/28/2017,0,102279,5%
955183,Jonas,Underwood,M,jonas.underwood@exxonmobil.com,7/13/1995,22.06,01-10-2017,0.55,54302,1%
862947,Benita,Mcgee,F,benita.mcgee@hotmail.com,12/30/1970,46.61,5/16/2005,12.21,154473,15%
174542,Rochelle,Guerrero,F,rochelle.guerrero@gmail.com,09-10-1992,24.9,6/18/2015,2.11,135242,26%
857324,Terra,Webb,F,terra.webb@gmail.com,07-01-1973,44.1,12/15/2008,8.62,179095,19%
678498,Buford,Zimmerman,M,buford.zimmerman@yahoo.ca,09-04-1994,22.91,7/23/2016,1.01,159050,8%
661971,Emanuel,Nichols,M,emanuel.nichols@hotmail.co.uk,06-05-1962,55.18,05-09-1999,18.23,154645,11%
537235,Cheryl,French,F,cheryl.french@aol.com,8/20/1985,31.96,09-09-2012,4.88,191484,29%
712170,Theodore,Dale,M,theodore.dale@exxonmobil.com,12/17/1994,22.63,07-01-2017,0.07,40096,21%
285184,Ginger,Palmer,F,ginger.palmer@btinternet.com,5/23/1978,39.21,02-09-2009,8.47,46866,9%
994907,Lilian,Stein,F,lilian.stein@aol.com,6/23/1996,21.11,6/23/2017,0.1,198733,17%
523887,Gilbert,Luna,M,gilbert.luna@microsoft.com,10-01-1968,48.85,12/25/2004,12.6,176601,15%
684722,Waldo,Wright,M,waldo.wright@bp.com,1/26/1973,44.53,10/29/2014,2.75,92597,28%
792224,Tommie,Cunningham,M,tommie.cunningham@btinternet.com,07-12-1977,40.07,10/27/2013,3.75,65809,16%
199699,George,Potts,M,george.potts@msn.com,1/13/1961,56.58,6/23/2006,11.1,132568,21%
953997,Graham,Hutchinson,M,graham.hutchinson@microsoft.com,5/18/1985,32.22,02-11-2013,4.46,123103,3%
149818,Ophelia,Pena,F,ophelia.pena@gmail.com,01-11-1986,31.56,6/23/2016,1.1,89068,12%
352882,Lon,Harper,M,lon.harper@aol.com,4/24/1994,23.28,09-02-2016,0.9,128467,5%
760995,Irvin,Witt,M,irvin.witt@gmail.com,1/25/1993,24.52,3/28/2014,3.34,148387,14%
873626,Sheri,Spears,F,sheri.spears@yahoo.com,01-07-1982,35.58,11/25/2007,9.68,144280,25%
247051,Alberta,Page,F,alberta.page@hotmail.com,02-05-1981,36.5,8/17/2010,6.95,179637,5%
715045,Kerri,Santos,F,kerri.santos@yahoo.com,11-10-1982,34.74,2/18/2017,0.44,74456,6%
601808,Olin,Case,M,olin.case@hotmail.com,06-06-1991,26.16,2/14/2015,2.45,177331,17%
569286,Stefan,Jacobs,M,stefan.jacobs@cox.net,9/26/1983,33.86,10/30/2008,8.75,176707,0%
172440,Cody,Allison,M,cody.allison@gmail.com,12/23/1988,28.61,6/21/2017,0.1,84585,7%
568435,Bonnie,Baker,F,bonnie.baker@bp.com,08-03-1985,32.01,01-07-2008,9.56,72930,10%
597409,Luke,Turner,M,luke.turner@charter.net,02-12-1987,30.48,03-05-2010,7.4,121949,16%
359608,Eva,Holman,F,eva.holman@hotmail.com,9/26/1957,59.88,2/20/2001,16.44,82734,14%
803426,Maritza,Christian,F,maritza.christian@microsoft.com,5/19/1987,30.21,3/15/2012,5.37,66854,9%
669618,Phyllis,Dudley,F,phyllis.dudley@yahoo.co.in,11-02-1957,59.78,1/17/1980,37.55,105069,6%
